1,Verschuure,Sijbrand,10,1,Birte Maaßen,Generator,null
2,Santana,Sonia,10,1,Anto Kempe,Generator,2023-04-18T13:52:13.406341
3,Bäumer,Hans-christian,10,1,Saskia Schweitzer,Generator,null
4,Ramírez,Daniel,10,1,Ayub Schulpen,Generator,2023-04-18T13:52:13.404037
5,Gohlke,Monique,10,0,Anto Kempe,Generator,null
6,Brede,Horst,10,1,Allisha Bussink,Generator,null
7,Hansmann,Hermann,10,1,Ayub Schulpen,Generator,null
8,null,null,10,0,null,Generator,null
9,null,null,10,0,null,Generator,null
10,null,null,10,0,null,Generator,null
11,Hebing,Marcellinus,10,1,Eugen Loos,Generator,null
12,Brehm,Konrad,10,1,Annelene Lohr,Generator,null
13,null,null,10,0,null,Generator,null
14,Wilde,Danilo,10,1,Rodrigo Reyes,Generator,null
15,Lozano,Clara,10,1,Saskia Schweitzer,Generator,null
16,Radke,Raymond,10,0,Shalini De Waart,Generator,2023-04-18T13:52:13.400643
17,null,null,10,0,null,Generator,null
18,Holl,August,10,1,Rafael Rust,Generator,2023-04-18T13:52:13.396461
19,Mücke,Lia,10,1,Amparo Márquez,Generator,2023-04-18T13:52:13.393722
20,Carrasco,Víctor,10,0,Amparo Márquez,Generator,2023-04-18T13:52:13.397166
21,Lamm,Aynur,10,1,Esperanza Gil,Generator,null
22,Maaswinkel,Kristine,10,1,Moustapha Peeters,Generator,null
23,Schwalbe,Dorota,10,0,Eugen Loos,Generator,2023-04-18T13:52:13.410079
24,Duran,Carlos,10,1,Luisa Fuentes,Generator,null
25,Olthuis,Eleonore,10,1,Esperanza Gil,Generator,null
26,Gómez,Remedios,10,1,Amparo Márquez,Generator,null
27,Rojas,Aitor,10,1,Chad Modderman,Generator,null
28,null,null,10,0,null,Generator,null
29,León,Emilio,10,1,Karst Edwards,Generator,null
30,null,null,10,0,null,Generator,null
31,Meeuwisse,Atie,10,1,Allisha Bussink,Generator,null
32,null,null,10,0,null,Generator,null
33,Montero,Asunción,10,1,Luisa Fuentes,Generator,null
34,Krüger,Hans josef,10,1,Krijntje Riphagen,Generator,null
35,null,null,10,0,null,Generator,null
36,Meder,Berthold,10,1,Allisha Bussink,Generator,null
37,null,null,10,0,null,Generator,null
38,Frank,Tillmann,10,1,Karst Edwards,Generator,null
39,Reyes,Ramon,10,1,Karst Edwards,Generator,2023-04-18T13:52:13.408627
40,Rosman,Julika,10,1,Chad Modderman,Generator,null
41,Ringeling,Clifton,10,1,Shalini De Waart,Generator,null
42,Hanisch,Annita,10,1,Chad Modderman,Generator,null
43,null,null,10,0,null,Generator,null
44,null,null,10,0,null,Generator,null
45,Koper,Solange,10,1,Chad Modderman,Generator,2023-04-18T13:52:13.405440
46,Leemans,Mack,10,1,Rafael Rust,Generator,2023-04-18T13:52:13.400752
47,Reichmann,Mathilde,10,1,Luisa Fuentes,Generator,null
48,Radtke,Heinz-günther,10,1,Allisha Bussink,Generator,null
49,null,null,10,0,null,Generator,null
50,Giménez,Lorenzo,10,1,Esperanza Gil,Generator,null
51,Lehnen,Sigrun,10,0,Saskia Schweitzer,Generator,2023-04-18T13:52:13.393805
52,Moya,Alejandro,10,0,Shalini De Waart,Generator,null
53,Iglesias,Fátima,10,1,Rafael Rust,Generator,null
54,Drechsel,Eberhardt,10,1,Birte Maaßen,Generator,2023-04-18T13:52:13.390991
55,Shah,Klaske,10,1,Krijntje Riphagen,Generator,2023-04-18T13:52:13.397801
56,Haußmann,Melitta,10,1,Anto Kempe,Generator,null
57,Muñoz,Consuelo,10,1,Karst Edwards,Generator,null
58,Stratmann,Charlotte,10,0,Krijntje Riphagen,Generator,null
59,null,null,10,0,null,Generator,null
60,Ferrer,Domingo,10,1,Annelene Lohr,Generator,null
61,Crespo,Rosario,10,1,Ayub Schulpen,Generator,null
62,Rolink,Inés,10,0,Moustapha Peeters,Generator,null
63,null,null,10,0,null,Generator,null
64,Diel,Ernst-august,10,0,Allisha Bussink,Generator,null
65,Stüber,Thekla,10,1,Rafael Rust,Generator,null
66,Ijff,Ilham,10,1,Allisha Bussink,Generator,null
67,null,null,10,0,null,Generator,null
68,Hoos,Bennie,10,1,Moustapha Peeters,Generator,null
69,Staats,Sijgje,10,1,Rodrigo Reyes,Generator,null
70,Grunwald,Gero,10,1,Birte Maaßen,Generator,2023-04-18T13:52:13.414485
71,Van den dolder,Nermin,10,0,Rodrigo Reyes,Generator,2023-04-18T13:52:13.408490
72,Pfeiffer,Dietmar,10,1,Eugen Loos,Generator,null
73,Fernández,Joan,10,1,Krijntje Riphagen,Generator,null
74,null,null,10,0,null,Generator,null
75,null,null,10,0,null,Generator,null
76,Reyes,Nerea,10,1,Birte Maaßen,Generator,null
77,Drechsler,Burkhard,10,1,Chad Modderman,Generator,2023-04-18T13:52:13.400603
78,Rahm,Sophie,10,1,Esperanza Gil,Generator,null
79,Gil,Albert,10,1,Allisha Bussink,Generator,null
80,Van oijen,Djarno,10,1,Esperanza Gil,Generator,null
81,Gómez,Joaquin,10,1,Allisha Bussink,Generator,null
82,Gómez,Gustavo,10,0,Karst Edwards,Generator,null
83,Anger,Mirjam,10,1,Krijntje Riphagen,Generator,null
84,Van den elsen,Lynn,10,0,Saskia Schweitzer,Generator,null
85,Uhlemann,Hans-bernd,10,1,Rodrigo Reyes,Generator,null
86,Van asten,Sultan,10,1,Annelene Lohr,Generator,null
87,Lagas,Janice,10,0,Shalini De Waart,Generator,2023-04-18T13:52:13.406701
88,Umbach,Curt,10,1,Saskia Schweitzer,Generator,null
89,Spieker,Anna-maria,10,1,Luisa Fuentes,Generator,null
90,Martínez,Adolfo,10,1,Luisa Fuentes,Generator,2023-04-18T13:52:13.408921
91,null,null,10,0,null,Generator,null
92,Márquez,Nicolas,10,1,Moustapha Peeters,Generator,null
93,Fengler,Adelbert,10,1,Saskia Schweitzer,Generator,2023-04-18T13:52:13.402820
94,Hilmer,Rose-marie,10,1,Chad Modderman,Generator,null
95,Román,Natalia,10,0,Krijntje Riphagen,Generator,null
96,Fritsche,Timm,10,1,Luisa Fuentes,Generator,null
97,null,null,10,0,null,Generator,null
98,Hernández,Iván,10,0,Annelene Lohr,Generator,null
99,Alonso,Gema,10,1,Anto Kempe,Generator,null
100,Fett,Denise,10,0,Rafael Rust,Generator,null
101,Fernandes,Mylo,10,1,Krijntje Riphagen,Generator,null
102,Kautz,Ulrike,10,1,Rodrigo Reyes,Generator,null
103,null,null,10,0,null,Generator,null
104,Schmitt,Silke,10,1,Chad Modderman,Generator,null
105,Unruh,Vittorio,10,1,Karst Edwards,Generator,null
106,null,null,10,0,null,Generator,null
107,Swaan,Jorn,10,1,Ayub Schulpen,Generator,null
108,Nieuwlaat,Jillian,10,1,Birte Maaßen,Generator,null
109,null,null,10,0,null,Generator,null
110,Van gulik,Bram,10,1,Víctor Romero,Generator,null
111,Sollie,Jeen,10,0,Víctor Romero,Generator,null
112,null,null,10,0,null,Generator,null
113,Smith,Tillmann,10,1,Ayub Schulpen,Generator,null
114,Cabrera,John,10,1,Ayub Schulpen,Generator,null
115,Schreiter,Beatrix,10,1,Ayub Schulpen,Generator,null
116,Kost,Christel,10,1,Karst Edwards,Generator,2023-04-18T13:52:13.398619
117,Sanz,Miguel,10,1,Anto Kempe,Generator,null
118,Sieben,Jessica,10,0,Karst Edwards,Generator,2023-04-18T13:52:13.413936
119,Mattern,Miroslaw,10,0,Birte Maaßen,Generator,null
120,Heim,Vassilios,10,1,Birte Maaßen,Generator,null
121,Winkler,Serge,10,1,Chad Modderman,Generator,null
122,Zee,Veronique,10,1,Shalini De Waart,Generator,null
123,null,null,10,0,null,Generator,null
124,Winkelmann,Egbert,10,1,Luisa Fuentes,Generator,null
125,Vega,Emilio,10,1,Karst Edwards,Generator,null
126,Plender,Kaj,10,1,Saskia Schweitzer,Generator,null
127,null,null,10,0,null,Generator,null
128,Duineveld,Gail,10,1,Karst Edwards,Generator,null
129,Van vilsteren,Olivia,10,1,Bibiane Klep,Generator,null
130,null,null,10,0,null,Generator,null
131,Klasen,Friederike,10,1,Anto Kempe,Generator,2023-04-18T13:52:13.410242
132,Vicente,Rodrigo,10,1,Ayub Schulpen,Generator,2023-04-18T13:52:13.390503
133,Schuller,Ron,10,1,Anto Kempe,Generator,null
134,null,null,10,0,null,Generator,null
135,Diez,Víctor,10,1,Amparo Márquez,Generator,null
136,Seibold,Vladimir,10,1,Annelene Lohr,Generator,null
137,Fernández,Mar,10,1,Rafael Rust,Generator,null
138,null,null,10,0,null,Generator,null
139,Molina,Oscar,10,1,Ayub Schulpen,Generator,null
140,Himmel,Lydia,10,1,Esperanza Gil,Generator,2023-04-18T13:52:13.406592
141,null,null,10,0,null,Generator,null
142,Helmink,Marnick,10,1,Shalini De Waart,Generator,2023-04-18T13:52:13.404329
143,Aguilar,Gregorio,10,1,Bibiane Klep,Generator,null
144,Blanco,Clara,10,1,Esperanza Gil,Generator,null
145,Schel,Pierre,10,1,Anto Kempe,Generator,2023-04-18T13:52:13.399929
146,Wortmann,Brian,10,1,Karst Edwards,Generator,2023-04-18T13:52:13.402150
147,Iglesias,Vicenta,10,1,Amparo Márquez,Generator,null
148,Giese,Rouven,10,1,Chad Modderman,Generator,2023-04-18T13:52:13.399267
149,Krijgsman,Marinus,10,1,Anto Kempe,Generator,null
150,Van iwaarden,Sanjay,10,1,Bibiane Klep,Generator,null
151,Molina,Guillermo,10,1,Rafael Rust,Generator,2023-04-18T13:52:13.410831
152,null,null,10,0,null,Generator,null
153,Fendt,Ursel,10,1,Esperanza Gil,Generator,null
154,null,null,10,0,null,Generator,null
155,null,null,10,0,null,Generator,null
156,Van stein,Aslıhan,10,1,Shalini De Waart,Generator,2023-04-18T13:52:13.403149
157,Kuhn,Reimar,10,1,Amparo Márquez,Generator,null
158,null,null,10,0,null,Generator,null
159,Hennink,Yang,10,0,Eugen Loos,Generator,null
160,Stephan,Frank-michael,10,1,Luisa Fuentes,Generator,null
161,Kluijtmans,Gea,10,1,Álvaro Diez,Generator,null
162,Ley,Meryem,10,1,Anto Kempe,Generator,2023-04-18T13:52:13.412394
163,Paffen,Wiek,10,1,Saskia Schweitzer,Generator,null
164,Calvo,Juana,10,1,Rodrigo Reyes,Generator,null
165,Sánchez,Juana,10,1,Karst Edwards,Generator,null
166,null,null,10,0,null,Generator,null
167,Molina,Vicenta,10,1,Álvaro Diez,Generator,null
168,Suijker,Daisy,10,1,Annelene Lohr,Generator,null
169,Mombarg,Rosario,10,1,Bibiane Klep,Generator,2023-04-18T13:52:13.395345
170,Calvo,Amparo,10,1,Víctor Romero,Generator,null
171,null,null,10,0,null,Generator,null
172,Ruiz,Concepción,10,1,Esperanza Gil,Generator,2023-04-18T13:52:13.409295
173,Ferrer,Juan,10,1,Luisa Fuentes,Generator,2023-04-18T13:52:13.409831
174,null,null,10,0,null,Generator,null
175,Brouwers,Léon,10,1,Álvaro Diez,Generator,null
176,Linnemann,Elizabeth,10,1,Rafael Rust,Generator,null
177,null,null,10,0,null,Generator,null
178,null,null,10,0,null,Generator,null
179,Campos,Julia,10,1,Anto Kempe,Generator,null
180,Treurniet,Teatske,10,0,Saskia Schweitzer,Generator,2023-04-18T13:52:13.392099
181,Marín,Jonathan,10,1,Annelene Lohr,Generator,2023-04-18T13:52:13.401111
182,Klasen,Annelie,10,1,Rodrigo Reyes,Generator,2023-04-18T13:52:13.407063
183,Eckl,Ronald,10,1,Rafael Rust,Generator,null
184,Birk,Ekaterina,10,1,Víctor Romero,Generator,null
185,null,null,10,0,null,Generator,null
186,Hundertmark,Paula,10,1,Rodrigo Reyes,Generator,2023-04-18T13:52:13.400899
187,Cortes,Antonia,10,1,Bibiane Klep,Generator,2023-04-18T13:52:13.407863
188,Stuiver,Orion,10,1,Luisa Fuentes,Generator,null
189,Ortiz,Esteban,10,1,Chad Modderman,Generator,null
190,Heckel,Philomena,10,1,Annelene Lohr,Generator,null
191,null,null,10,0,null,Generator,null
192,null,null,10,0,null,Generator,null
193,null,null,10,0,null,Generator,null
194,Gallardo,Tomas,10,1,Krijntje Riphagen,Generator,null
195,Marín,Domingo,10,1,Allisha Bussink,Generator,2023-04-18T13:52:13.390847
196,Arias,Isaac,10,1,Álvaro Diez,Generator,null
197,Linder,Irma,10,0,Esperanza Gil,Generator,null
198,null,null,10,0,null,Generator,null
199,null,null,10,0,null,Generator,null
200,Márquez,Francisca,10,1,Moustapha Peeters,Generator,null
201,Marín,Andrés,10,1,Anto Kempe,Generator,null
202,Thomas,Winesh,10,1,Álvaro Diez,Generator,null
203,null,null,10,0,null,Generator,null
204,Keskin,Steffany,10,0,Krijntje Riphagen,Generator,2023-04-18T13:52:13.406928
205,null,null,10,0,null,Generator,null
206,Siereveld,Malu,10,1,Ayub Schulpen,Generator,null
207,null,null,10,0,null,Generator,null
208,Moya,Mario,10,1,Chad Modderman,Generator,null
209,null,null,10,0,null,Generator,null
210,Aguilar,Sandra,10,1,Anto Kempe,Generator,null
211,Knott,Alexej,10,1,Rafael Rust,Generator,null
212,Herrera,Gabriel,10,1,Ayub Schulpen,Generator,null
213,Klee,Manfred,10,0,Allisha Bussink,Generator,null
214,Van der marel,Christian,10,1,Luisa Fuentes,Generator,2023-04-18T13:52:13.413308
215,Salomé,Jordie,10,1,Chad Modderman,Generator,null
216,Herzog,Irma,10,1,Rafael Rust,Generator,null
217,Rohe,Boris,10,1,Álvaro Diez,Generator,null
218,Grunewald,Eugenia,10,1,Álvaro Diez,Generator,null
219,Putz,Margarethe,10,1,Saskia Schweitzer,Generator,2023-04-18T13:52:13.397523
220,Löser,Juri,10,1,Rafael Rust,Generator,null
221,null,null,10,0,null,Generator,null
222,Kasbergen,Bing,10,1,Karst Edwards,Generator,null
223,Duwe,Karen,10,1,Álvaro Diez,Generator,null
224,null,null,10,0,null,Generator,null
225,Fuhler,Bedia,10,1,Allisha Bussink,Generator,null
226,null,null,10,0,null,Generator,null
227,Jasper,Danica,10,1,Bibiane Klep,Generator,null
228,Weigl,Gunhild,10,1,Karst Edwards,Generator,null
229,null,null,10,0,null,Generator,null
230,null,null,10,0,null,Generator,null
231,null,null,10,0,null,Generator,null
232,Jas,Mirian,10,1,Allisha Bussink,Generator,null
233,null,null,10,0,null,Generator,null
234,Den braber,Kurt,10,0,Anto Kempe,Generator,null
235,Henssen,Abdoullah,10,1,Eugen Loos,Generator,null
236,Neuner,Hans-georg,10,1,Annelene Lohr,Generator,2023-04-18T13:52:13.413353
237,Rubio,Isabel,10,1,Chad Modderman,Generator,null
238,Morales,Cristina,10,1,Shalini De Waart,Generator,null
239,Garbe,Ekkehard,10,1,Moustapha Peeters,Generator,null
240,Telkamp,Esra,10,1,Anto Kempe,Generator,null
241,null,null,10,0,null,Generator,null
242,Anders,Janusz,10,1,Rafael Rust,Generator,2023-04-18T13:52:13.392439
243,Wierts,Ouafa,10,1,Rodrigo Reyes,Generator,2023-04-18T13:52:13.388959
244,Garrido,Xavier,10,1,Eugen Loos,Generator,null
245,Van londen,Elmas,10,1,Ayub Schulpen,Generator,2023-04-18T13:52:13.407196
246,Van de mortel,Cain,10,1,Anto Kempe,Generator,null
247,Ortega,Ángeles,10,1,Luisa Fuentes,Generator,null
248,Beckers,Traudl,10,1,Víctor Romero,Generator,null
249,Daalhuizen,Cunera,10,1,Víctor Romero,Generator,null
250,null,null,10,0,null,Generator,null
251,Speer,Karl-hans,10,1,Ayub Schulpen,Generator,null
252,null,null,10,0,null,Generator,null
253,Voit,Heinz-jürgen,10,1,Ayub Schulpen,Generator,null
254,null,null,10,0,null,Generator,null
255,null,null,10,0,null,Generator,null
256,Marín,Adolfo,10,1,Víctor Romero,Generator,null
257,Diaz,Trinidad,10,1,Luisa Fuentes,Generator,null
258,Thomas,Alwine,10,1,Annelene Lohr,Generator,2023-04-18T13:52:13.403968
259,Langendijk,Shayenne,10,1,Allisha Bussink,Generator,null
260,Kunze,Hedy,10,1,Víctor Romero,Generator,null
261,Domínguez,Cristina,10,1,Chad Modderman,Generator,null
262,null,null,10,0,null,Generator,null
263,null,null,10,0,null,Generator,null
264,Nehls,Else,10,1,Annelene Lohr,Generator,null
265,null,null,10,0,null,Generator,null
266,Lieder,Götz,10,1,Allisha Bussink,Generator,null
267,Soler,Rubén,10,1,Ayub Schulpen,Generator,null
268,null,null,10,0,null,Generator,null
269,Gallego,Sergio,10,1,Annelene Lohr,Generator,2023-04-18T13:52:13.400858
270,Alonso,Hugo,10,1,Shalini De Waart,Generator,null
271,Vega,Julián,10,0,Shalini De Waart,Generator,2023-04-18T13:52:13.389874
272,null,null,10,0,null,Generator,null
273,Benítez,Rafael,10,1,Álvaro Diez,Generator,2023-04-18T13:52:13.408229
274,null,null,10,0,null,Generator,null
275,Engels,Noah,10,1,Esperanza Gil,Generator,null
276,Burmester,Alberto,10,1,Shalini De Waart,Generator,2023-04-18T13:52:13.413752
277,Núñez,Mónica,10,1,Esperanza Gil,Generator,null
278,Hänel,Aleksandr,10,1,Rodrigo Reyes,Generator,null
279,Dings,Samsam,10,1,Karst Edwards,Generator,null
280,Leinweber,Claire,10,1,Anto Kempe,Generator,null
281,null,null,10,0,null,Generator,null
282,Calis,Faouzi,10,1,Eugen Loos,Generator,2023-04-18T13:52:13.410619
283,Vega,Rosario,10,1,Bibiane Klep,Generator,null
284,Lorenzo,Francisco,10,1,Birte Maaßen,Generator,null
285,Spies,Gaetano,10,1,Rafael Rust,Generator,2023-04-18T13:52:13.414273
286,Broeken,Ivo,10,1,Esperanza Gil,Generator,null
287,Bravo,Verónica,10,1,Luisa Fuentes,Generator,2023-04-18T13:52:13.399969
288,Meinel,Harro,10,1,Karst Edwards,Generator,null
289,Boesten,Yanniek,10,1,Víctor Romero,Generator,null
290,Alonso,Sergio,10,1,Ayub Schulpen,Generator,null
291,null,null,10,0,null,Generator,null
292,Stahl,Otto,10,1,Rodrigo Reyes,Generator,null
293,Nickl,Gertraut,10,1,Bibiane Klep,Generator,null
294,null,null,10,0,null,Generator,null
295,null,null,10,0,null,Generator,null
296,Plum,Leonie,10,1,Rafael Rust,Generator,null
297,Méndez,Miriam,10,1,Víctor Romero,Generator,null
298,Haupt,Theodor,10,1,Karst Edwards,Generator,null
299,null,null,10,0,null,Generator,null
300,Muñoz,Arturo,10,1,Álvaro Diez,Generator,null
301,null,null,10,0,null,Generator,null
302,Braakhuis,Nassima,10,0,Víctor Romero,Generator,null
303,Escher,Lene,10,1,Chad Modderman,Generator,null
304,Van tiggelen,Taran,10,1,Shalini De Waart,Generator,2023-04-18T13:52:13.406205
305,Ruizendaal,Ömür,10,1,Rodrigo Reyes,Generator,null
306,Özdemir,Laurenz,10,1,Eugen Loos,Generator,null
307,null,null,10,0,null,Generator,null
308,Strube,Margit,10,1,Saskia Schweitzer,Generator,null
309,Unruh,Desiree,10,1,Shalini De Waart,Generator,null
310,Retzlaff,Herbert,10,1,Rafael Rust,Generator,2023-04-18T13:52:13.388424
311,Núñez,Claudia,10,0,Rafael Rust,Generator,null
312,Alonso,Héctor,10,1,Esperanza Gil,Generator,2023-04-18T13:52:13.410695
313,Bulk,Emin,10,1,Bibiane Klep,Generator,null
314,Smienk,Sverre,10,1,Luisa Fuentes,Generator,2023-04-18T13:52:13.408814
315,Rojas,Sara,10,0,Ayub Schulpen,Generator,null
316,Cano,Mar,10,1,Álvaro Diez,Generator,null
317,Kremer,Reinhart,10,1,Birte Maaßen,Generator,2023-04-18T13:52:13.409506
318,Mang,Mehmet,10,1,Anto Kempe,Generator,null
319,null,null,10,0,null,Generator,null
320,Kötter,Fred,10,1,Allisha Bussink,Generator,2023-04-18T13:52:13.396294
321,Bokhorst,Melika,10,1,Allisha Bussink,Generator,null
322,Cano,Esther,10,1,Annelene Lohr,Generator,null
323,Pohlmann,Reinhardt,10,1,Saskia Schweitzer,Generator,null
324,null,null,10,0,null,Generator,null
325,Börger,Hans-dieter,10,1,Esperanza Gil,Generator,2023-04-18T13:52:13.388281
326,Diaz,José,10,1,Rodrigo Reyes,Generator,2023-04-18T13:52:13.391090
327,null,null,10,0,null,Generator,null
328,Núñez,Pablo,10,1,Luisa Fuentes,Generator,2023-04-18T13:52:13.401327
329,null,null,10,0,null,Generator,null
330,Helder,Ryan,10,1,Karst Edwards,Generator,null
331,Dalstra,Thanh,10,1,Moustapha Peeters,Generator,null
332,null,null,10,0,null,Generator,null
333,Dullens,Marèll,10,1,Víctor Romero,Generator,null
334,Kahl,Willfried,10,1,Anto Kempe,Generator,null
335,Weil,Gunther,10,1,Annelene Lohr,Generator,null
336,null,null,10,0,null,Generator,null
337,Van zweeden,Gijsbertje,10,1,Annelene Lohr,Generator,null
338,Haverkate,Selahattin,10,0,Annelene Lohr,Generator,null
339,Wilhelmi,Kerstin,10,1,Víctor Romero,Generator,2023-04-18T13:52:13.393372
340,null,null,10,0,null,Generator,null
341,Hildebrand,Rosalinda,10,1,Krijntje Riphagen,Generator,null
342,González,Esther,10,1,Bibiane Klep,Generator,null
343,null,null,10,0,null,Generator,null
344,null,null,10,0,null,Generator,null
345,Sanz,Isabel,10,1,Annelene Lohr,Generator,null
346,Hoen,Cézanne,10,1,Krijntje Riphagen,Generator,2023-04-18T13:52:13.397841
347,Sáez,Jesus,10,1,Anto Kempe,Generator,null
348,null,null,10,0,null,Generator,null
349,Stöcker,Francesca,10,1,Saskia Schweitzer,Generator,null
350,Santiago,Noelia,10,1,Annelene Lohr,Generator,null
351,Schep,Jiske,10,1,Eugen Loos,Generator,null
352,null,null,10,0,null,Generator,null
353,null,null,10,0,null,Generator,null
354,Hager,Leon,10,0,Álvaro Diez,Generator,null
355,Santana,Josefa,10,1,Shalini De Waart,Generator,null
356,Bartl,Dennis,10,1,Krijntje Riphagen,Generator,null
357,null,null,10,0,null,Generator,null
358,De bie,Silke,10,1,Moustapha Peeters,Generator,2023-04-18T13:52:13.414077
359,Breukel,Matisse,10,1,Allisha Bussink,Generator,null
360,Neuberger,Albert,10,0,Krijntje Riphagen,Generator,2023-04-18T13:52:13.395122
361,Strunz,Dorit,10,1,Luisa Fuentes,Generator,2023-04-18T13:52:13.412936
362,López,Gerardo,10,1,Rafael Rust,Generator,null
363,null,null,10,0,null,Generator,null
364,null,null,10,0,null,Generator,null
365,Lochner,Alwine,10,1,Saskia Schweitzer,Generator,2023-04-18T13:52:13.399577
366,null,null,10,0,null,Generator,null
367,Römer,Helmuth,10,1,Rafael Rust,Generator,null
368,Delgado,Natalia,10,1,Rodrigo Reyes,Generator,null
369,Nieland,Arend,10,1,Rodrigo Reyes,Generator,2023-04-18T13:52:13.403753
370,null,null,10,0,null,Generator,null
371,Roesink,Didier,10,1,Krijntje Riphagen,Generator,2023-04-18T13:52:13.391200
372,Blanco,Luisa,10,1,Chad Modderman,Generator,null
373,Drees,Anna-marie,10,1,Ayub Schulpen,Generator,null
374,Brede,Laila,10,1,Esperanza Gil,Generator,2023-04-18T13:52:13.411388
375,Schneck,Mahmut,10,1,Luisa Fuentes,Generator,null
376,Navis,Oskar,10,1,Rodrigo Reyes,Generator,null
377,null,null,10,0,null,Generator,null
378,null,null,10,0,null,Generator,null
379,Kullmann,Veronika,10,1,Moustapha Peeters,Generator,null
380,León,Cristian,10,1,Víctor Romero,Generator,null
381,null,null,10,0,null,Generator,null
382,García,Gema,10,1,Víctor Romero,Generator,2023-04-18T13:52:13.414247
383,Serrano,Borja,10,0,Karst Edwards,Generator,null
384,Lettinga,Dalibor,10,1,Eugen Loos,Generator,2023-04-18T13:52:13.411022
385,Wieland,Giovanna,10,1,Luisa Fuentes,Generator,null
386,Vargas,Jesus,10,1,Krijntje Riphagen,Generator,null
387,Rojas,Felipe,10,0,Karst Edwards,Generator,null
388,Gallardo,Rodrigo,10,1,Rafael Rust,Generator,null
389,Herrera,Natalia,10,1,Ayub Schulpen,Generator,2023-04-18T13:52:13.390564
390,Wehrle,Uli,10,1,Birte Maaßen,Generator,null
391,Reichle,Anja,10,1,Álvaro Diez,Generator,null
392,null,null,10,0,null,Generator,null
393,Boender,Franz,10,1,Annelene Lohr,Generator,null
394,Bachmann,Frithjof,10,0,Karst Edwards,Generator,null
395,Piotrowski,Ljubica,10,1,Anto Kempe,Generator,null
396,Cruz,Carla,10,0,Rafael Rust,Generator,null
397,Pastor,Catalina,10,1,Anto Kempe,Generator,2023-04-18T13:52:13.410360
398,Weil,Gerold,10,1,Ayub Schulpen,Generator,null
399,Van den eijkel,Lieveke,10,1,Moustapha Peeters,Generator,2023-04-18T13:52:13.405709
400,Vázquez,Purificación,10,1,Moustapha Peeters,Generator,2023-04-18T13:52:13.389473
401,Ebbers,Lamyae,10,1,Esperanza Gil,Generator,2023-04-18T13:52:13.404232
402,Jentsch,Ewald,10,0,Saskia Schweitzer,Generator,2023-04-18T13:52:13.411595
403,Burkhart,Gertrud,10,1,Allisha Bussink,Generator,2023-04-18T13:52:13.414671
404,null,null,10,0,null,Generator,null
405,Stenzel,Ute,10,0,Chad Modderman,Generator,null
406,Schäfers,Eckhard,10,1,Annelene Lohr,Generator,2023-04-18T13:52:13.413706
407,Kleefstra,Salem,10,1,Rodrigo Reyes,Generator,2023-04-18T13:52:13.394738
408,null,null,10,0,null,Generator,null
409,Rogge,Adelheid,10,1,Allisha Bussink,Generator,2023-04-18T13:52:13.403497
410,Datema,Feline,10,0,Shalini De Waart,Generator,2023-04-18T13:52:13.388768
411,Vega,Marcos,10,0,Moustapha Peeters,Generator,null
412,Link,Rochelle,10,1,Luisa Fuentes,Generator,null
413,Cabrera,Paula,10,1,Karst Edwards,Generator,null
414,Brückmann,Milos,10,1,Saskia Schweitzer,Generator,2023-04-18T13:52:13.402484
415,null,null,10,0,null,Generator,null
416,null,null,10,0,null,Generator,null
417,Piller,Hendrik,10,1,Luisa Fuentes,Generator,2023-04-18T13:52:13.391525
418,null,null,10,0,null,Generator,null
419,Carmona,Daniel,10,1,Anto Kempe,Generator,null
420,Reyes,Santiago,10,1,Rodrigo Reyes,Generator,null
421,Sanz,Sergio,10,1,Amparo Márquez,Generator,null
422,Van heijningen,Katinka,10,1,Víctor Romero,Generator,null
423,Velasco,Joan,10,1,Víctor Romero,Generator,null
424,Campos,Paula,10,1,Bibiane Klep,Generator,null
425,Buschman,El hassan,10,1,Bibiane Klep,Generator,null
426,Van asselt,Naoual,10,1,Álvaro Diez,Generator,2023-04-18T13:52:13.403050
427,León,Alex,10,1,Rodrigo Reyes,Generator,null
428,Crespo,Gonzalo,10,0,Bibiane Klep,Generator,null
429,null,null,10,0,null,Generator,null
430,null,null,10,0,null,Generator,null
431,Schouw,Priscella,10,1,Annelene Lohr,Generator,2023-04-18T13:52:13.404193
432,Sáez,Alexander,10,1,Krijntje Riphagen,Generator,2023-04-18T13:52:13.410402
433,null,null,10,0,null,Generator,null
434,Griese,Henny,10,0,Karst Edwards,Generator,null
435,null,null,10,0,null,Generator,null
436,Heins,Utz,10,1,Anto Kempe,Generator,2023-04-18T13:52:13.398816
437,null,null,10,0,null,Generator,null
438,Iglesias,Miguel,10,1,Eugen Loos,Generator,2023-04-18T13:52:13.405845
439,Brock,Geert,10,1,Luisa Fuentes,Generator,null
440,Hofmann,Lynne,10,1,Esperanza Gil,Generator,null
441,Domínguez,Asunción,10,1,Víctor Romero,Generator,2023-04-18T13:52:13.414586
442,Cabrera,Mercedes,10,1,Bibiane Klep,Generator,2023-04-18T13:52:13.411313
443,Feist,Janos,10,1,Esperanza Gil,Generator,2023-04-18T13:52:13.389153
444,Bohnert,Mercedes,10,1,Álvaro Diez,Generator,2023-04-18T13:52:13.399684
445,Van bueren,Eppo,10,1,Bibiane Klep,Generator,2023-04-18T13:52:13.396115
446,null,null,10,0,null,Generator,null
447,Wehrle,Friederike,10,1,Álvaro Diez,Generator,2023-04-18T13:52:13.414123
448,null,null,10,0,null,Generator,null
449,null,null,10,0,null,Generator,null
450,Ruoff,Hartmuth,10,1,Shalini De Waart,Generator,null
451,Böhme,Berthold,10,1,Amparo Márquez,Generator,null
452,Márquez,Agustín,10,1,Eugen Loos,Generator,null
453,Heimann,Ljubica,10,1,Luisa Fuentes,Generator,null
454,Duran,Carolina,10,1,Álvaro Diez,Generator,null
455,Kaper,Storm,10,1,Eugen Loos,Generator,null
456,Klein gunnewiek,Constantijn,10,1,Esperanza Gil,Generator,null
457,null,null,10,0,null,Generator,null
458,null,null,10,0,null,Generator,null
459,null,null,10,0,null,Generator,null
460,Tuerlings,Sonay,10,1,Shalini De Waart,Generator,null
461,Timmermans,Bojoura,10,1,Amparo Márquez,Generator,null
462,null,null,10,0,null,Generator,null
463,Jacobs,Maya,10,1,Esperanza Gil,Generator,2023-04-18T13:52:13.392267
464,Delgado,Josefa,10,1,Birte Maaßen,Generator,2023-04-18T13:52:13.401966
465,Kempf,Lucie,10,1,Anto Kempe,Generator,2023-04-18T13:52:13.410282
466,Betz,Ekkehart,10,1,Amparo Márquez,Generator,null
467,De hek,Melati,10,0,Karst Edwards,Generator,2023-04-18T13:52:13.411819
468,Katzer,Baldur,10,1,Rafael Rust,Generator,2023-04-18T13:52:13.408773
469,Mora,Nicolas,10,1,Amparo Márquez,Generator,null
470,Koenen,Martien,10,1,Birte Maaßen,Generator,null
471,Rodríguez,Luis,10,1,Álvaro Diez,Generator,null
472,Smetsers,Alon,10,1,Esperanza Gil,Generator,null
473,Schnurr,Dennis,10,1,Bibiane Klep,Generator,null
474,Wetzel,Karl-ernst,10,1,Annelene Lohr,Generator,2023-04-18T13:52:13.414307
475,Zuurmond,Domenique,10,1,Bibiane Klep,Generator,null
476,Ludewig,Hans-detlef,10,1,Karst Edwards,Generator,null
477,null,null,10,0,null,Generator,null
478,null,null,10,0,null,Generator,null
479,Bucher,Katarzyna,10,1,Rodrigo Reyes,Generator,2023-04-18T13:52:13.396925
480,Spijkerboer,Geerke,10,1,Bibiane Klep,Generator,2023-04-18T13:52:13.397126
481,Oomens,Luke,10,0,Eugen Loos,Generator,null
482,Franzke,Aenne,10,1,Karst Edwards,Generator,null
483,Sanz,Sebastián,10,1,Allisha Bussink,Generator,2023-04-18T13:52:13.408882
484,null,null,10,0,null,Generator,null
485,Van heel,Moreno,10,1,Anto Kempe,Generator,2023-04-18T13:52:13.392915
486,null,null,10,0,null,Generator,null
487,Witteman,Nikita,10,0,Álvaro Diez,Generator,null
488,Wedekind,Edgar,10,1,Eugen Loos,Generator,null
489,Van montfoort,Amelia,10,1,Saskia Schweitzer,Generator,null
490,null,null,10,0,null,Generator,null
491,null,null,10,0,null,Generator,null
492,Herrero,Pablo,10,1,Allisha Bussink,Generator,2023-04-18T13:52:13.402383
493,null,null,10,0,null,Generator,null
494,Schley,Darius,10,1,Luisa Fuentes,Generator,null
495,Van der kaap,Rishi,10,1,Karst Edwards,Generator,2023-04-18T13:52:13.392391
496,Kortlever,Almar,10,1,Víctor Romero,Generator,null
497,Arslan,Myra,10,1,Rafael Rust,Generator,null
498,null,null,10,0,null,Generator,null
499,null,null,10,0,null,Generator,null
500,Aguilar,Lorena,10,1,Chad Modderman,Generator,null
501,Ottenheijm,Steef,10,1,Birte Maaßen,Generator,2023-04-18T13:52:13.395677
502,Flipse,Deny,10,1,Bibiane Klep,Generator,null
503,Havekes,Sjors,10,1,Eugen Loos,Generator,null
504,Raasch,Eleonore,10,1,Víctor Romero,Generator,null
505,Lustig,Rosita,10,1,Rodrigo Reyes,Generator,2023-04-18T13:52:13.407700
506,Meershoek,Leena,10,1,Allisha Bussink,Generator,2023-04-18T13:52:13.388687
507,Köllner,Cathleen,10,1,Víctor Romero,Generator,null
508,Ibáñez,Benito,10,1,Anto Kempe,Generator,null
509,Kenter,Renso,10,0,Allisha Bussink,Generator,null
510,null,null,10,0,null,Generator,null
511,null,null,10,0,null,Generator,null
512,null,null,10,0,null,Generator,null
513,Giménez,Ernesto,10,1,Amparo Márquez,Generator,2023-04-18T13:52:13.395248
514,Loth,Hans-josef,10,1,Eugen Loos,Generator,null
515,Danner,Karl-werner,10,0,Víctor Romero,Generator,null
516,Iglesias,Jorge,10,0,Annelene Lohr,Generator,null
517,Rietveld,Anneleen,10,1,Bibiane Klep,Generator,null
518,Franke,Luisa,10,1,Bibiane Klep,Generator,null
519,Diez,Fernando,10,1,Amparo Márquez,Generator,2023-04-18T13:52:13.391956
520,null,null,10,0,null,Generator,null
521,null,null,10,0,null,Generator,null
522,Luyten,Brenda,10,1,Rodrigo Reyes,Generator,2023-04-18T13:52:13.396253
523,null,null,10,0,null,Generator,null
524,Carstensen,Albertine,10,1,Álvaro Diez,Generator,2023-04-18T13:52:13.392961
525,null,null,10,0,null,Generator,null
526,Fischbach,Zehra,10,1,Karst Edwards,Generator,2023-04-18T13:52:13.415176
527,Speksnijder,Jason,10,1,Anto Kempe,Generator,null
528,Tieben,Younes,10,0,Allisha Bussink,Generator,null
529,Rijkeboer,Simone,10,1,Moustapha Peeters,Generator,null
530,Martínez,Hugo,10,1,Birte Maaßen,Generator,null
531,Cornelius,Leon,10,1,Anto Kempe,Generator,null
532,null,null,10,0,null,Generator,null
533,Forster,Franco,10,1,Shalini De Waart,Generator,null
534,Retzlaff,Marliese,10,1,Bibiane Klep,Generator,2023-04-18T13:52:13.414514
535,Fehr,Krystyna,10,1,Luisa Fuentes,Generator,null
536,null,null,10,0,null,Generator,null
537,Vidal,Carla,10,1,Allisha Bussink,Generator,null
538,Hauber,Aysel,10,0,Saskia Schweitzer,Generator,null
539,Hoekman,Ferdy,10,0,Allisha Bussink,Generator,null
540,Kohlmann,Otmar,10,1,Álvaro Diez,Generator,2023-04-18T13:52:13.398354
541,Pastor,Claudia,10,0,Karst Edwards,Generator,2023-04-18T13:52:13.394908
542,Menten,Kenzo,10,1,Ayub Schulpen,Generator,null
543,Heinrich,Helma,10,1,Luisa Fuentes,Generator,null
544,Vega,Raúl,10,1,Saskia Schweitzer,Generator,null
545,null,null,10,0,null,Generator,null
546,Köppen,Edelbert,10,1,Esperanza Gil,Generator,null
547,null,null,10,0,null,Generator,null
548,Büscher,Anna-lena,10,1,Moustapha Peeters,Generator,null
549,Leushuis,Wilmer,10,1,Anto Kempe,Generator,null
550,null,null,10,0,null,Generator,null
551,Fleischer,Gero,10,1,Rodrigo Reyes,Generator,null
552,Obermaier,Bertold,10,1,Krijntje Riphagen,Generator,null
553,Cruz,Purificación,10,1,Chad Modderman,Generator,2023-04-18T13:52:13.395929
554,null,null,10,0,null,Generator,null
555,Hartmann,Patric,10,1,Birte Maaßen,Generator,null
556,Pastor,Daniel,10,1,Eugen Loos,Generator,null
557,null,null,10,0,null,Generator,null
558,Hernández,Gabriel,10,1,Bibiane Klep,Generator,null
559,Sydow,Justine,10,1,Álvaro Diez,Generator,null
560,Planting,Sohaib,10,1,Eugen Loos,Generator,null
561,null,null,10,0,null,Generator,null
562,Pelz,Alberto,10,1,Álvaro Diez,Generator,null
563,Witvliet,Tabe,10,1,Saskia Schweitzer,Generator,null
564,null,null,10,0,null,Generator,null
565,Marschall,Hans-erich,10,1,Rodrigo Reyes,Generator,null
566,Dietl,Frithjof,10,1,Krijntje Riphagen,Generator,null
567,null,null,10,0,null,Generator,null
568,Pastor,Mohamed,10,1,Anto Kempe,Generator,null
569,Van ingen,Yaşar,10,1,Rafael Rust,Generator,2023-04-18T13:52:13.392037
570,Michielse,Kavish,10,1,Moustapha Peeters,Generator,null
571,Metzelaar,Ninke,10,1,Víctor Romero,Generator,null
572,Vega,Esther,10,1,Bibiane Klep,Generator,null
573,Navarro,Félix,10,1,Moustapha Peeters,Generator,null
574,Reiss,Gönül,10,1,Shalini De Waart,Generator,null
575,Schutrups,Willemine,10,1,Chad Modderman,Generator,null
576,Herrero,Josefa,10,1,Moustapha Peeters,Generator,2023-04-18T13:52:13.411721
577,Sanz,Yolanda,10,1,Anto Kempe,Generator,null
578,null,null,10,0,null,Generator,null
579,Traut,Rosemarie,10,1,Shalini De Waart,Generator,2023-04-18T13:52:13.389827
580,Iglesias,Alfonso,10,1,Rodrigo Reyes,Generator,null
581,Kayser,Wenzel,10,1,Saskia Schweitzer,Generator,null
582,null,null,10,0,null,Generator,null
583,Knip,Marinda,10,1,Birte Maaßen,Generator,null
584,Ortega,Albert,10,1,Anto Kempe,Generator,null
585,null,null,10,0,null,Generator,null
586,Löwen,Branka,10,1,Moustapha Peeters,Generator,null
587,Demuth,Katy,10,0,Allisha Bussink,Generator,null
588,Kleeven,Houssine,10,1,Amparo Márquez,Generator,null
589,Gómez,Alexander,10,1,Shalini De Waart,Generator,2023-04-18T13:52:13.401367
590,Serrano,Sara,10,1,Víctor Romero,Generator,2023-04-18T13:52:13.404672
591,Burger,Rune,10,1,Bibiane Klep,Generator,null
592,Hoff,Marianna,10,0,Eugen Loos,Generator,null
593,Vicente,Esperanza,10,0,Ayub Schulpen,Generator,2023-04-18T13:52:13.392313
594,Bergsma,Danita,10,1,Karst Edwards,Generator,null
595,Hofer,Karin,10,1,Annelene Lohr,Generator,null
596,Zink,Anne-katrin,10,1,Moustapha Peeters,Generator,2023-04-18T13:52:13.411148
597,Nijeboer,Jimmy,10,1,Ayub Schulpen,Generator,null
598,null,null,10,0,null,Generator,null
599,null,null,10,0,null,Generator,null
600,Wijmenga,Kürşad,10,1,Annelene Lohr,Generator,2023-04-18T13:52:13.406510
601,Belz,Tatiana,10,1,Álvaro Diez,Generator,null
602,Manske,Cläre,10,1,Birte Maaßen,Generator,2023-04-18T13:52:13.401751
603,Neervoort,Jackie,10,0,Rafael Rust,Generator,2023-04-18T13:52:13.405399
604,Uhl,Theodoros,10,1,Ayub Schulpen,Generator,null
605,Santiago,Sergio,10,1,Luisa Fuentes,Generator,null
606,Korn,Gabriele,10,1,Krijntje Riphagen,Generator,null
607,Brummer,Leana,10,1,Esperanza Gil,Generator,null
608,null,null,10,0,null,Generator,null
609,Duran,Montserrat,10,1,Annelene Lohr,Generator,null
610,Muijs,Gerard,10,1,Bibiane Klep,Generator,2023-04-18T13:52:13.393095
611,null,null,10,0,null,Generator,null
612,Van halen,Britta,10,1,Shalini De Waart,Generator,null
613,Ruiz,Celia,10,1,Amparo Márquez,Generator,null
614,Suarez,Gregorio,10,1,Shalini De Waart,Generator,2023-04-18T13:52:13.394692
615,Sedlmeier,Bernd-dieter,10,1,Eugen Loos,Generator,null
616,Bruckner,Gerold,10,0,Saskia Schweitzer,Generator,null
617,null,null,10,0,null,Generator,null
618,Meißner,Hatice,10,1,Karst Edwards,Generator,2023-04-18T13:52:13.395755
619,Kugel,Curt,10,1,Karst Edwards,Generator,2023-04-18T13:52:13.393450
620,Sombroek,Reinard,10,1,Krijntje Riphagen,Generator,null
621,Hoos,Gerlof,10,0,Esperanza Gil,Generator,2023-04-18T13:52:13.409755
622,Boskma,Sarie,10,1,Ayub Schulpen,Generator,null
623,null,null,10,0,null,Generator,null
624,Ramkhelawan,Hilâl,10,1,Chad Modderman,Generator,2023-04-18T13:52:13.402342
625,Sanz,Alexander,10,1,Víctor Romero,Generator,null
626,De rijcke,Louelle,10,1,Allisha Bussink,Generator,null
627,Heindl,Nicole,10,1,Saskia Schweitzer,Generator,null
628,Schimmel,Alysia,10,1,Birte Maaßen,Generator,null
629,Meißner,Luis,10,1,Eugen Loos,Generator,null
630,null,null,10,0,null,Generator,null
631,Dannenberg,Serano,10,0,Rodrigo Reyes,Generator,null
632,Wierda,Gerridina,10,0,Esperanza Gil,Generator,null
633,null,null,10,0,null,Generator,null
634,Arias,Juan,10,1,Annelene Lohr,Generator,null
635,Schoormans,Mateo,10,1,Rafael Rust,Generator,null
636,Martin,Alfredo,10,1,Bibiane Klep,Generator,null
637,Weerheim,Timótheüs,10,1,Rodrigo Reyes,Generator,null
638,Koppens,Deniece,10,0,Chad Modderman,Generator,null
639,null,null,10,0,null,Generator,null
640,null,null,10,0,null,Generator,null
641,null,null,10,0,null,Generator,null
642,Adams,Rosina,10,1,Luisa Fuentes,Generator,null
643,Posthumus,Wan,10,0,Rodrigo Reyes,Generator,null
644,null,null,10,0,null,Generator,null
645,Alonso,Clara,10,1,Luisa Fuentes,Generator,null
646,Tesch,Gislinde,10,1,Birte Maaßen,Generator,null
647,Sleeuwenhoek,Violetta,10,1,Amparo Márquez,Generator,2023-04-18T13:52:13.404082
648,Parra,Vicenta,10,1,Moustapha Peeters,Generator,2023-04-18T13:52:13.408682
649,Führer,Jolanthe,10,1,Anto Kempe,Generator,2023-04-18T13:52:13.391711
650,Steinbach,Ortrun,10,0,Víctor Romero,Generator,null
651,null,null,10,0,null,Generator,null
652,Bekhuis,Silvia,10,1,Saskia Schweitzer,Generator,null
653,Gómez,Gabriel,10,1,Álvaro Diez,Generator,null
654,Cano,Nerea,10,1,Amparo Márquez,Generator,2023-04-18T13:52:13.413242
655,Streefland,Christianne,10,0,Saskia Schweitzer,Generator,null
656,null,null,10,0,null,Generator,null
657,Cortes,Verónica,10,1,Eugen Loos,Generator,null
658,null,null,10,0,null,Generator,null
659,null,null,10,0,null,Generator,null
660,Vliegenthart,Kieran,10,1,Álvaro Diez,Generator,null
661,Wichmann,Aleksandr,10,1,Birte Maaßen,Generator,null
662,null,null,10,0,null,Generator,null
663,López,Julia,10,1,Chad Modderman,Generator,null
664,Bartmann,Darius,10,0,Karst Edwards,Generator,null
665,Louwerens,Chimène,10,1,Luisa Fuentes,Generator,null
666,Bosch,Emmerich,10,1,Rafael Rust,Generator,2023-04-18T13:52:13.401583
667,Stüber,Christl,10,1,Víctor Romero,Generator,null
668,Nguyen,Jannis,10,0,Bibiane Klep,Generator,2023-04-18T13:52:13.398216
669,Benítez,Irene,10,0,Esperanza Gil,Generator,null
670,Koeslag,Maha,10,1,Karst Edwards,Generator,null
671,Gellert,Margita,10,1,Saskia Schweitzer,Generator,null
672,Reyes,Jorge,10,1,Bibiane Klep,Generator,null
673,Reus,Crissy,10,1,Amparo Márquez,Generator,null
674,null,null,10,0,null,Generator,null
675,Rubio,Gonzalo,10,1,Víctor Romero,Generator,null
676,Peña,Joan,10,0,Anto Kempe,Generator,null
677,Ruiz,Aitor,10,0,Esperanza Gil,Generator,null
678,Montero,Cesar,10,1,Víctor Romero,Generator,null
679,Vincent,Thalissa,10,1,Eugen Loos,Generator,null
680,Rodríguez,Cristina,10,1,Rodrigo Reyes,Generator,null
681,null,null,10,0,null,Generator,null
682,null,null,10,0,null,Generator,null
683,Herrera,Jesus,10,1,Esperanza Gil,Generator,null
684,Bönisch,Lorenzo,10,1,Bibiane Klep,Generator,null
685,Raith,Darius,10,1,Birte Maaßen,Generator,2023-04-18T13:52:13.409168
686,Blanco,Alfonso,10,0,Luisa Fuentes,Generator,null
687,Schultheis,Friedhold,10,1,Bibiane Klep,Generator,2023-04-18T13:52:13.412645
688,Habets,Klaasje,10,1,Chad Modderman,Generator,null
689,Eich,Kevin,10,1,Víctor Romero,Generator,null
690,null,null,10,0,null,Generator,null
691,Bravo,Miguel,10,1,Eugen Loos,Generator,2023-04-18T13:52:13.399377
692,null,null,10,0,null,Generator,null
693,Stickel,Freia,10,1,Álvaro Diez,Generator,null
694,Dörr,Lidwina,10,1,Karst Edwards,Generator,2023-04-18T13:52:13.415050
695,Marín,Sebastián,10,1,Karst Edwards,Generator,null
696,null,null,10,0,null,Generator,null
697,Kokx,Taha,10,1,Álvaro Diez,Generator,2023-04-18T13:52:13.393192
698,Ruiz,Claudia,10,1,Moustapha Peeters,Generator,null
699,Márquez,Susana,10,1,Amparo Márquez,Generator,null
700,Guerrero,Josefina,10,1,Amparo Márquez,Generator,null
701,Rebel,Elwin,10,1,Moustapha Peeters,Generator,null
702,Hoogvliet,Cihan,10,1,Álvaro Diez,Generator,null
703,Ortiz,Ricardo,10,1,Eugen Loos,Generator,null
704,null,null,10,0,null,Generator,null
705,Buschmann,Gerdi,10,0,Esperanza Gil,Generator,null
706,Cano,Hugo,10,1,Esperanza Gil,Generator,null
707,Bonnes,Franck,10,1,Annelene Lohr,Generator,2023-04-18T13:52:13.404124
708,Sanz,José,10,1,Saskia Schweitzer,Generator,null
709,Hassan,Damien,10,1,Annelene Lohr,Generator,2023-04-18T13:52:13.399645
710,Ortiz,Luis,10,1,Moustapha Peeters,Generator,null
711,null,null,10,0,null,Generator,null
712,Schnitzer,Anna-marie,10,1,Karst Edwards,Generator,null
713,Van oers,Radwan,10,1,Anto Kempe,Generator,2023-04-18T13:52:13.414403
714,Maus,Ella,10,1,Ayub Schulpen,Generator,null
715,Pascual,Adriana,10,1,Karst Edwards,Generator,null
716,Tak,Evertje,10,1,Shalini De Waart,Generator,null
717,Stenger,Tomas,10,1,Allisha Bussink,Generator,2023-04-18T13:52:13.413993
718,Löhr,Fatima,10,1,Álvaro Diez,Generator,null
719,null,null,10,0,null,Generator,null
720,null,null,10,0,null,Generator,null
721,López,Jorge,10,1,Moustapha Peeters,Generator,2023-04-18T13:52:13.414540
722,Kröll,Bayram,10,1,Luisa Fuentes,Generator,null
723,Soto,Cristian,10,1,Karst Edwards,Generator,2023-04-18T13:52:13.413491
724,Overtoom,Nihad,10,1,Esperanza Gil,Generator,null
725,Calvo,Ricardo,10,1,Birte Maaßen,Generator,null
726,Triepels,Ermin,10,0,Saskia Schweitzer,Generator,null
727,Dağ,Yi,10,1,Amparo Márquez,Generator,null
728,null,null,10,0,null,Generator,null
729,null,null,10,0,null,Generator,null
730,null,null,10,0,null,Generator,null
731,null,null,10,0,null,Generator,null
732,Schwanke,Liliane,10,1,Esperanza Gil,Generator,2023-04-18T13:52:13.400712
733,null,null,10,0,null,Generator,null
734,Blanco,Elena,10,1,Birte Maaßen,Generator,null
735,Helms,Muzaffer,10,1,Annelene Lohr,Generator,null
736,Kip,Yasser,10,1,Anto Kempe,Generator,null
737,null,null,10,0,null,Generator,null
738,Pieper,Andrej,10,0,Eugen Loos,Generator,null
739,Frey,Hartwig,10,1,Krijntje Riphagen,Generator,null
740,Parra,Sandra,10,1,Eugen Loos,Generator,null
741,Hidalgo,Manuela,10,1,Saskia Schweitzer,Generator,null
742,null,null,10,0,null,Generator,null
743,Klier,Ignatz,10,1,Luisa Fuentes,Generator,null
744,Stengel,Rolf-dieter,10,1,Birte Maaßen,Generator,null
745,Glaß,Arzu,10,0,Moustapha Peeters,Generator,null
746,Guerrero,Jesus,10,1,Esperanza Gil,Generator,null
747,Aguilar,Joan,10,1,Annelene Lohr,Generator,2023-04-18T13:52:13.407332
748,Flores,Fernando,10,0,Eugen Loos,Generator,null
749,null,null,10,0,null,Generator,null
750,Calvo,Benito,10,1,Bibiane Klep,Generator,null
751,Hintze,Halil,10,1,Víctor Romero,Generator,null
752,Santana,Cristina,10,1,Annelene Lohr,Generator,null
753,Grube,Nurettin,10,1,Ayub Schulpen,Generator,null
754,Van den elsen,Gazi,10,0,Rodrigo Reyes,Generator,null
755,null,null,10,0,null,Generator,null
756,Lindner,Yvan,10,0,Karst Edwards,Generator,null
757,Aguilar,Diego,10,1,Amparo Márquez,Generator,null
758,null,null,10,0,null,Generator,null
759,Blanco,Roberto,10,1,Víctor Romero,Generator,null
760,null,null,10,0,null,Generator,null
761,Coppoolse,Shukri,10,1,Moustapha Peeters,Generator,2023-04-18T13:52:13.413641
762,null,null,10,0,null,Generator,null
763,Sanz,Felipe,10,1,Moustapha Peeters,Generator,null
764,null,null,10,0,null,Generator,null
765,Schavemaker,Seema,10,1,Chad Modderman,Generator,null
766,Enders,Gottlieb,10,1,Allisha Bussink,Generator,2023-04-18T13:52:13.393903
767,Dorgelo,Long,10,1,Birte Maaßen,Generator,null
768,Heilig,Pavel,10,1,Moustapha Peeters,Generator,2023-04-18T13:52:13.411954
769,Ramos,Luis,10,1,Shalini De Waart,Generator,null
770,Van elten,Michélle,10,1,Allisha Bussink,Generator,null
771,Bravo,Fátima,10,1,Moustapha Peeters,Generator,2023-04-18T13:52:13.394535
772,Seger,Christoph,10,1,Luisa Fuentes,Generator,null
773,null,null,10,0,null,Generator,null
774,Hendricks,Emmelie,10,1,Bibiane Klep,Generator,2023-04-18T13:52:13.398257
775,Domínguez,Mar,10,1,Bibiane Klep,Generator,null
776,Eichhorn,Soeradj,10,1,Birte Maaßen,Generator,null
777,null,null,10,0,null,Generator,null
778,null,null,10,0,null,Generator,null
779,Ortega,Álvaro,10,0,Annelene Lohr,Generator,2023-04-18T13:52:13.411244
780,Gallego,Eduardo,10,0,Luisa Fuentes,Generator,null
781,Grube,Ruth,10,1,Amparo Márquez,Generator,null
782,null,null,10,0,null,Generator,null
783,Steffens,Mirja,10,0,Luisa Fuentes,Generator,null
784,Santana,Ana,10,1,Esperanza Gil,Generator,null
785,null,null,10,0,null,Generator,null
786,null,null,10,0,null,Generator,null
787,null,null,10,0,null,Generator,null
788,Lageweg,Matt,10,1,Shalini De Waart,Generator,null
789,Junge,Verena,10,0,Ayub Schulpen,Generator,null
790,Guerrero,Vicente,10,0,Bibiane Klep,Generator,null
791,Rubio,Jorge,10,1,Esperanza Gil,Generator,null
792,Van kollenburg,Sören,10,1,Anto Kempe,Generator,2023-04-18T13:52:13.400067
793,null,null,10,0,null,Generator,null
794,null,null,10,0,null,Generator,null
795,null,null,10,0,null,Generator,null
796,Nagler,Rosemarie,10,1,Saskia Schweitzer,Generator,null
797,null,null,10,0,null,Generator,null
798,Schaffer,Heidelore,10,1,Álvaro Diez,Generator,null
799,Sailer,Stilla,10,1,Luisa Fuentes,Generator,2023-04-18T13:52:13.393141
800,Iglesias,Yolanda,10,1,Saskia Schweitzer,Generator,2023-04-18T13:52:13.389427
801,null,null,10,0,null,Generator,null
802,Lietz,Victor,10,1,Amparo Márquez,Generator,2023-04-18T13:52:13.391447
803,null,null,10,0,null,Generator,null
804,Kasper,Frank-michael,10,1,Karst Edwards,Generator,null
805,Bolz,Tina,10,1,Rodrigo Reyes,Generator,null
806,null,null,10,0,null,Generator,null
807,Reyes,Josep,10,0,Moustapha Peeters,Generator,null
808,Santos,Jordi,10,1,Rodrigo Reyes,Generator,2023-04-18T13:52:13.414737
809,null,null,10,0,null,Generator,null
810,Parra,Amparo,10,1,Ayub Schulpen,Generator,2023-04-18T13:52:13.413837
811,null,null,10,0,null,Generator,null
812,Gallardo,Remedios,10,1,Luisa Fuentes,Generator,null
813,Parra,Sergio,10,0,Annelene Lohr,Generator,null
814,Van dartel,Cheverny,10,1,Eugen Loos,Generator,null
815,Jiménez,Rocío,10,1,Karst Edwards,Generator,2023-04-18T13:52:13.405032
816,Márquez,Albert,10,0,Karst Edwards,Generator,null
817,Dahmen,Ilka,10,1,Karst Edwards,Generator,2023-04-18T13:52:13.388878
818,null,null,10,0,null,Generator,null
819,Bektaş,Rafaella,10,1,Eugen Loos,Generator,2023-04-18T13:52:13.406409
820,Castro,Gerardo,10,1,Shalini De Waart,Generator,null
821,Torres,Nuria,10,1,Álvaro Diez,Generator,2023-04-18T13:52:13.400532
822,Stangl,Fritz,10,0,Moustapha Peeters,Generator,null
823,Nuijen,Thalita,10,1,Álvaro Diez,Generator,2023-04-18T13:52:13.407660
824,null,null,10,0,null,Generator,null
825,Hammes,Bernward,10,1,Rodrigo Reyes,Generator,null
826,Nagtzaam,Joany,10,1,Anto Kempe,Generator,null
827,Behrmann,Silvana,10,1,Víctor Romero,Generator,null
828,null,null,10,0,null,Generator,null
829,Kammer,Luzie,10,1,Rafael Rust,Generator,null
830,Hornstra,Shadi,10,1,Esperanza Gil,Generator,null
831,null,null,10,0,null,Generator,null
832,Stolle,Karl-dieter,10,1,Bibiane Klep,Generator,null
833,Rommel,Ricarda,10,1,Karst Edwards,Generator,2023-04-18T13:52:13.392600
834,Méndez,Ramon,10,1,Anto Kempe,Generator,2023-04-18T13:52:13.395385
835,Molina,Isaac,10,1,Karst Edwards,Generator,null
836,Niehoff,Ilse,10,0,Moustapha Peeters,Generator,2023-04-18T13:52:13.401533
837,Delgado,Gustavo,10,1,Álvaro Diez,Generator,null
838,Molina,Virginia,10,1,Annelene Lohr,Generator,2023-04-18T13:52:13.401464
839,Götze,Henning,10,1,Shalini De Waart,Generator,null
840,Beck,Tommi,10,1,Shalini De Waart,Generator,null
841,null,null,10,0,null,Generator,null
842,Keurhorst,Kimm,10,0,Saskia Schweitzer,Generator,2023-04-18T13:52:13.396800
843,Berg,Fatma,10,0,Rodrigo Reyes,Generator,null
844,null,null,10,0,null,Generator,null
845,Weyand,Sara,10,1,Víctor Romero,Generator,2023-04-18T13:52:13.412490
846,null,null,10,0,null,Generator,null
847,Pickel,Miriam,10,1,Álvaro Diez,Generator,null
848,Gallardo,Hugo,10,1,Annelene Lohr,Generator,null
849,Engelhardt,Hans-rainer,10,1,Shalini De Waart,Generator,null
850,Landwehr,Gerold,10,1,Bibiane Klep,Generator,null
851,Ferrer,Pablo,10,1,Karst Edwards,Generator,2023-04-18T13:52:13.390240
852,Nieto,Gerardo,10,1,Anto Kempe,Generator,null
853,Kartal,Augusta,10,1,Bibiane Klep,Generator,null
854,Wittek,Tara,10,1,Eugen Loos,Generator,null
855,Wildeman,Arwen,10,1,Álvaro Diez,Generator,null
856,Fromm,Arnold,10,1,Krijntje Riphagen,Generator,null
857,Kümmel,Constanze,10,1,Krijntje Riphagen,Generator,null
858,Kürschner,Friedhold,10,1,Anto Kempe,Generator,2023-04-18T13:52:13.412087
859,Schlicht,Gerhart,10,1,Allisha Bussink,Generator,null
860,Ijzermans,Cloë,10,1,Rodrigo Reyes,Generator,2023-04-18T13:52:13.393851
861,Zeelenberg,Jozephus,10,1,Krijntje Riphagen,Generator,null
862,Méndez,Celia,10,1,Shalini De Waart,Generator,null
863,Rasch,Martine,10,1,Shalini De Waart,Generator,null
864,null,null,10,0,null,Generator,null
865,Ortiz,Sofia,10,1,Víctor Romero,Generator,2023-04-18T13:52:13.390761
866,Van stee,Sebastian,10,1,Birte Maaßen,Generator,null
867,Gómez,Alexander,10,1,Luisa Fuentes,Generator,null
868,Dettmer,Ottokar,10,1,Luisa Fuentes,Generator,null
869,null,null,10,0,null,Generator,null
870,null,null,10,0,null,Generator,null
871,Giménez,Gema,10,1,Luisa Fuentes,Generator,null
872,Bruckner,Lorenzo,10,1,Birte Maaßen,Generator,null
873,null,null,10,0,null,Generator,null
874,Cortes,Lucas,10,1,Álvaro Diez,Generator,null
875,Arnoldus,Madelaine,10,1,Chad Modderman,Generator,null
876,Castro,Daniela,10,1,Annelene Lohr,Generator,null
877,null,null,10,0,null,Generator,null
878,Bruijnes,Ece,10,1,Karst Edwards,Generator,null
879,Aden,Ramón,10,1,Luisa Fuentes,Generator,2023-04-18T13:52:13.403928
880,Jungbluth,Susana,10,1,Saskia Schweitzer,Generator,null
881,Den hoedt,Cyrus,10,0,Krijntje Riphagen,Generator,null
882,Medina,Montserrat,10,1,Víctor Romero,Generator,2023-04-18T13:52:13.399054
883,Oßwald,Dorit,10,1,Karst Edwards,Generator,null
884,null,null,10,0,null,Generator,null
885,Delgado,Diego,10,1,Rafael Rust,Generator,2023-04-18T13:52:13.414951
886,Martin,Carlos,10,1,Esperanza Gil,Generator,2023-04-18T13:52:13.390934
887,Carmona,Mercedes,10,1,Anto Kempe,Generator,null
888,Koppert,Reena,10,1,Rodrigo Reyes,Generator,null
889,null,null,10,0,null,Generator,null
890,Marín,Inés,10,1,Rodrigo Reyes,Generator,null
891,null,null,10,0,null,Generator,null
892,Czech,Olivia,10,1,Rafael Rust,Generator,null
893,Lozano,Luz,10,1,Amparo Márquez,Generator,2023-04-18T13:52:13.412529
894,null,null,10,0,null,Generator,null
895,Hernández,Hugo,10,1,Esperanza Gil,Generator,null
896,Wolf,Andrzej,10,1,Luisa Fuentes,Generator,null
897,Essig,Hans-günther,10,1,Víctor Romero,Generator,2023-04-18T13:52:13.403713
898,null,null,10,0,null,Generator,null
899,Van der hoek,Bettina,10,1,Annelene Lohr,Generator,null
900,Schug,Diether,10,1,Álvaro Diez,Generator,null
901,Röhl,Auguste,10,0,Esperanza Gil,Generator,null
902,null,null,10,0,null,Generator,null
903,Nicolaas,Krystel,10,1,Karst Edwards,Generator,null
904,Hänel,Andrew,10,1,Amparo Márquez,Generator,2023-04-18T13:52:13.413595
905,García,Luz,10,1,Chad Modderman,Generator,null
906,Arias,Cesar,10,0,Moustapha Peeters,Generator,2023-04-18T13:52:13.405806
907,Thomsen,Slavica,10,1,Allisha Bussink,Generator,null
908,Loibl,Dorit,10,1,Víctor Romero,Generator,null
909,García,Valentín,10,1,Moustapha Peeters,Generator,null
910,Wegener,Hauke,10,1,Shalini De Waart,Generator,2023-04-18T13:52:13.413966
911,Wijnstra,Rudger,10,1,Chad Modderman,Generator,2023-04-18T13:52:13.396760
912,null,null,10,0,null,Generator,null
913,Maasland,Tjibbe,10,1,Annelene Lohr,Generator,null
914,null,null,10,0,null,Generator,null
915,Mekes,Sija,10,1,Anto Kempe,Generator,null
916,null,null,10,0,null,Generator,null
917,Molina,Inés,10,1,Víctor Romero,Generator,null
918,null,null,10,0,null,Generator,null
919,null,null,10,0,null,Generator,null
920,Hamacher,Hildegart,10,1,Luisa Fuentes,Generator,null
921,Feldhaus,Orhan,10,1,Rodrigo Reyes,Generator,2023-04-18T13:52:13.403885
922,null,null,10,0,null,Generator,null
923,Wendel,Jasper,10,1,Ayub Schulpen,Generator,null
924,Boersen,Norbert,10,1,Allisha Bussink,Generator,null
925,null,null,10,0,null,Generator,null
926,null,null,10,0,null,Generator,null
927,null,null,10,0,null,Generator,null
928,Kindt,Mirte,10,0,Víctor Romero,Generator,null
929,null,null,10,0,null,Generator,null
930,Sprong,Semira,10,1,Rodrigo Reyes,Generator,null
931,Hausmann,Tamara,10,1,Shalini De Waart,Generator,2023-04-18T13:52:13.414356
932,Jas,Chahira,10,0,Birte Maaßen,Generator,null
933,Waijers,Marscha,10,1,Luisa Fuentes,Generator,null
934,Moya,Josefa,10,1,Víctor Romero,Generator,2023-04-18T13:52:13.394115
935,null,null,10,0,null,Generator,null
936,Soler,Ernesto,10,1,Rafael Rust,Generator,2023-04-18T13:52:13.407264
937,Wientjes,Sheng,10,1,Moustapha Peeters,Generator,null
938,Zoeteweij,Remke,10,1,Annelene Lohr,Generator,null
939,Bijlsma,Gauke,10,1,Karst Edwards,Generator,null
940,Velasco,Eugenio,10,0,Allisha Bussink,Generator,null
941,Nobbe,Barbera,10,1,Víctor Romero,Generator,2023-04-18T13:52:13.406661
942,Duran,Andrea,10,1,Álvaro Diez,Generator,null
943,Garrido,Lourdes,10,0,Saskia Schweitzer,Generator,null
944,null,null,10,0,null,Generator,null
945,Fromm,Angelique,10,0,Shalini De Waart,Generator,null
946,De zwart,Nisha,10,1,Shalini De Waart,Generator,2023-04-18T13:52:13.409097
947,Duran,Héctor,10,1,Eugen Loos,Generator,null
948,null,null,10,0,null,Generator,null
949,Bloemink,Bridget,10,1,Eugen Loos,Generator,null
950,null,null,10,0,null,Generator,null
951,null,null,10,0,null,Generator,null
952,Schütt,Polina,10,1,Esperanza Gil,Generator,null
953,Gilbert,Ömer,10,1,Shalini De Waart,Generator,null
954,null,null,10,0,null,Generator,null
955,null,null,10,0,null,Generator,null
956,null,null,10,0,null,Generator,null
957,Romero,Rubén,10,0,Krijntje Riphagen,Generator,null
958,Vidal,Iker,10,1,Moustapha Peeters,Generator,null
959,Lucassen,Elko,10,1,Víctor Romero,Generator,null
960,Van der boom,Laureen,10,1,Rafael Rust,Generator,2023-04-18T13:52:13.408103
961,null,null,10,0,null,Generator,null
962,Peppelman,Frans,10,1,Chad Modderman,Generator,null
963,null,null,10,0,null,Generator,null
964,Bouter,Chafik,10,1,Chad Modderman,Generator,null
965,null,null,10,0,null,Generator,null
966,Gutiérrez,Vanesa,10,1,Álvaro Diez,Generator,2023-04-18T13:52:13.394322
967,Kahle,Antje,10,1,Annelene Lohr,Generator,2023-04-18T13:52:13.406301
968,Gil,Mónica,10,1,Birte Maaßen,Generator,null
969,Stelzer,Concetta,10,1,Álvaro Diez,Generator,null
970,Abbring,Kian,10,0,Rodrigo Reyes,Generator,2023-04-18T13:52:13.412573
971,Lennartz,Emine,10,1,Krijntje Riphagen,Generator,2023-04-18T13:52:13.407560
972,null,null,10,0,null,Generator,null
973,Vázquez,María,10,1,Moustapha Peeters,Generator,2023-04-18T13:52:13.392550
974,Den dulk,Geraldine,10,1,Esperanza Gil,Generator,null
975,Cruz,Mariano,10,1,Amparo Márquez,Generator,null
976,Van der haven,Maj,10,1,Bibiane Klep,Generator,null
977,Bravo,Adrián,10,1,Allisha Bussink,Generator,null
978,Ortega,Belén,10,1,Álvaro Diez,Generator,2023-04-18T13:52:13.411858
979,Duran,Concepción,10,1,Álvaro Diez,Generator,null
980,Kleijne,Kwabena,10,1,Anto Kempe,Generator,null
981,Herrera,Vicenta,10,0,Amparo Márquez,Generator,2023-04-18T13:52:13.408529
982,Thon,Friedrich-karl,10,0,Anto Kempe,Generator,null
983,Engelke,Natalja,10,0,Birte Maaßen,Generator,null
984,Van wezel,Silvijn,10,1,Allisha Bussink,Generator,null
985,Cano,Cristian,10,1,Rodrigo Reyes,Generator,null
986,null,null,10,0,null,Generator,null
987,null,null,10,0,null,Generator,null
988,null,null,10,0,null,Generator,null
989,Gil,Catalina,10,0,Shalini De Waart,Generator,2023-04-18T13:52:13.388113
990,Lorenzo,Sergio,10,1,Allisha Bussink,Generator,2023-04-18T13:52:13.409630
991,Kuyper,Fernanda,10,1,Rodrigo Reyes,Generator,null
992,Diez,Alberto,10,1,Saskia Schweitzer,Generator,null
993,null,null,10,0,null,Generator,null
994,null,null,10,0,null,Generator,null
995,Lambert,Jurriën,10,0,Moustapha Peeters,Generator,null
996,Kamermans,Mounssif,10,0,Amparo Márquez,Generator,null
997,Vázquez,Angela,10,1,Saskia Schweitzer,Generator,null
998,Deurloo,Kaj,10,1,Moustapha Peeters,Generator,null
999,Caballero,Pablo,10,0,Karst Edwards,Generator,null
1000,null,null,0,0,null,Generator,null
1001,Zonneveld,Husein,0,1,Ayub Schulpen,Generator,2023-04-18T13:52:13.414828
1002,Martínez,Mar,0,1,Annelene Lohr,Generator,null
1003,null,null,0,0,null,Generator,null
1004,Janz,Ingried,0,0,Allisha Bussink,Generator,null
1005,Van heumen,Jimme,0,1,Luisa Fuentes,Generator,2023-04-18T13:52:13.408364
1006,Thijsen,Regilio,0,1,Eugen Loos,Generator,null
1007,Brüggemann,Irmhild,0,1,Bibiane Klep,Generator,null
1008,Cano,Alfredo,0,1,Karst Edwards,Generator,null
1009,Van bremen,Shara,0,1,Eugen Loos,Generator,2023-04-18T13:52:13.410040
1010,Giménez,Alexander,0,0,Luisa Fuentes,Generator,null
1011,Martínez,Joaquin,0,1,Luisa Fuentes,Generator,null
1012,Brehm,Rudi,0,1,Bibiane Klep,Generator,2023-04-18T13:52:13.389710
1013,Purperhart,Harm-jan,0,0,Ayub Schulpen,Generator,null
1014,null,null,0,0,null,Generator,null
1015,null,null,0,0,null,Generator,null
1016,Langhans,Ruthild,0,1,Saskia Schweitzer,Generator,null
1017,Flores,Montserrat,0,1,Krijntje Riphagen,Generator,null
1018,Caballero,Lorenzo,0,1,Annelene Lohr,Generator,2023-04-18T13:52:13.406968
1019,Boogers,Mahmoud,0,1,Birte Maaßen,Generator,null
1020,De gooijer,Yme,0,1,Amparo Márquez,Generator,null
1021,Meulemans,Çagla,0,0,Eugen Loos,Generator,null
1022,Nieuwenhuijsen,Safira,0,1,Ayub Schulpen,Generator,2023-04-18T13:52:13.405250
1023,Adrian,Änne,0,1,Birte Maaßen,Generator,null
1024,null,null,0,0,null,Generator,null
1025,Wildenbeest,Morrison,0,1,Ayub Schulpen,Generator,null
1026,Flemming,Jaqueline,0,1,Luisa Fuentes,Generator,null
1027,Aydin,Ruthild,0,1,Rodrigo Reyes,Generator,2023-04-18T13:52:13.389108
1028,Rodríguez,Jesus,0,1,Krijntje Riphagen,Generator,2023-04-18T13:52:13.391044
1029,null,null,0,0,null,Generator,null
1030,Jakobs,Diane,0,1,Krijntje Riphagen,Generator,null
1031,Flores,Lorenzo,0,0,Bibiane Klep,Generator,2023-04-18T13:52:13.402584
1032,Schimmel,Dani,0,1,Shalini De Waart,Generator,null
1033,Vidal,Félix,0,1,Birte Maaßen,Generator,null
1034,Martin,Lucia,0,1,Bibiane Klep,Generator,2023-04-18T13:52:13.389555
1035,León,Gonzalo,0,1,Rodrigo Reyes,Generator,2023-04-18T13:52:13.395513
1036,Grau,Magarete,0,1,Moustapha Peeters,Generator,2023-04-18T13:52:13.395799
1037,null,null,0,0,null,Generator,null
1038,Focke,Kerstin,0,0,Krijntje Riphagen,Generator,null
1039,Fuentes,Rafael,0,1,Álvaro Diez,Generator,null
1040,Lorenzo,Marina,0,1,Rafael Rust,Generator,null
1041,Carrasco,Juana,0,1,Shalini De Waart,Generator,2023-04-18T13:52:13.410735
1042,Iglesias,Carmen,0,1,Saskia Schweitzer,Generator,null
1043,Wald,Lili,0,1,Luisa Fuentes,Generator,null
1044,Hauser,Mina,0,1,Esperanza Gil,Generator,null
1045,Torres,Francisca,0,1,Amparo Márquez,Generator,null
1046,Huijer,Pei,0,1,Karst Edwards,Generator,2023-04-18T13:52:13.412798
1047,Baris,Lois,0,1,Moustapha Peeters,Generator,null
1048,Smans,Hanno,0,1,Eugen Loos,Generator,2023-04-18T13:52:13.399508
1049,Wittig,Theodor,0,1,Esperanza Gil,Generator,null
1050,null,null,0,0,null,Generator,null
