1,null,null,10,0,null,Generator,null
2,Maria,Garrido,10,1,Sven Giesen,Generator,null
3,Sikke,Van den hoven,10,0,Gustavo Pascual,Generator,null
4,null,null,10,0,null,Generator,null
5,null,null,10,0,null,Generator,null
6,Mar,Romero,10,1,Sven Giesen,Generator,null
7,Abdeslam,Tuijp,10,1,Mar Nieto,Generator,2020-03-24T16:42:55.315455
8,null,null,10,0,null,Generator,null
9,null,null,10,0,null,Generator,null
10,Elvira,Pelzer,10,1,Gustavo Pascual,Generator,null
11,null,null,10,0,null,Generator,null
12,Mike,Timm,10,1,Inmaculada Vicente,Generator,null
13,Natalia,Mendez,10,1,Roland Mudde,Generator,null
14,Dorit,Albers,10,1,Andrea Rojas,Generator,null
15,David,Crespo,10,1,Yentl Huibregtse,Generator,null
16,null,null,10,0,null,Generator,null
17,Rena,Beun,10,1,Francisca Romero,Generator,2020-03-24T16:42:55.308349
18,Santiago,Morales,10,1,Jonathan Benitez,Generator,2020-03-24T16:42:55.314696
19,null,null,10,0,null,Generator,null
20,Swen,Delgado,10,1,Liesel Schöttler,Generator,null
21,Kriemhild,Prager,10,1,Gustavo Morales,Generator,null
22,Anjo,De olde,10,1,Mar Nieto,Generator,null
23,Wieland,Ullmann,10,1,Andrea Rojas,Generator,null
24,Siegfried,Sip,10,1,Andrea Rojas,Generator,null
25,null,null,10,0,null,Generator,null
26,Ottomar,Schaar,10,1,Fatima Garcia,Generator,2020-03-24T16:42:55.310743
27,Dolores,Alvarez,10,1,Fatima Garcia,Generator,null
28,Sergio,Torres,10,0,Alfredo Leon,Generator,null
29,null,null,10,0,null,Generator,null
30,Sara,Saez,10,1,Sven Giesen,Generator,null
31,Nieves,Dominguez,10,0,Luce De Schepper,Generator,null
32,Erna,Belz,10,0,Roland Mudde,Generator,null
33,null,null,10,0,null,Generator,null
34,null,null,10,0,null,Generator,null
35,Henrike,Baumgarten,10,1,Fatima Garcia,Generator,2020-03-24T16:42:55.310115
36,Asuncion,Marin,10,1,Andrea Rojas,Generator,null
37,null,null,10,0,null,Generator,null
38,null,null,10,0,null,Generator,null
39,Natalia,Wolfrum,10,1,Andrea Rojas,Generator,null
40,Tijl,De roij,10,1,Liesel Schöttler,Generator,null
41,null,null,10,0,null,Generator,null
42,Hanim,Silva,10,1,Jonathan Benitez,Generator,null
43,Angel,Ramos,10,1,Fatima Garcia,Generator,null
44,null,null,10,0,null,Generator,null
45,Rodrigo,Benitez,10,1,Gustavo Pascual,Generator,null
46,Marc,Soto,10,1,Mar Nieto,Generator,null
47,Franca,Kölling,10,1,Inmaculada Vicente,Generator,null
48,Ottilie,Heiser,10,1,Roland Mudde,Generator,2020-03-24T16:42:55.315317
49,Ottfried,Bühner,10,1,Inmaculada Vicente,Generator,null
50,null,null,10,0,null,Generator,null
51,Anna,Carmona,10,1,Roland Mudde,Generator,null
52,Abdul,Brandt,10,1,Gustavo Pascual,Generator,2020-03-24T16:42:55.320097
53,Cäcilie,Locher,10,1,Yentl Huibregtse,Generator,2020-03-24T16:42:55.305141
54,null,null,10,0,null,Generator,null
55,Ekkehart,Budde,10,1,Liesel Schöttler,Generator,null
56,Angeles,Ramirez,10,1,Alisa Van Dijck,Generator,null
57,Ralf,Zitzmann,10,1,Eyup Stassen,Generator,null
58,Julio,Hernandez,10,1,Roland Mudde,Generator,null
59,Brigitte,Brack,10,1,Francisca Romero,Generator,2020-03-24T16:42:55.299865
60,Romuald,Hecht,10,1,Andrea Rojas,Generator,null
61,Mario,Rodriguez,10,1,Ivan Lorenzo,Generator,2020-03-24T16:42:55.301372
62,Benito,Duran,10,1,Sven Giesen,Generator,2020-03-24T16:42:55.316894
63,null,null,10,0,null,Generator,null
64,null,null,10,0,null,Generator,null
65,Jonna,Erdem,10,1,Sven Giesen,Generator,null
66,Christina,Diener,10,1,Andrea Rojas,Generator,null
67,Ivan,Duran,10,1,Francisca Romero,Generator,null
68,null,null,10,0,null,Generator,null
69,Hendrik,Klasen,10,0,Jonathan Benitez,Generator,2020-03-24T16:42:55.313263
70,Cesar,Delgado,10,1,Inmaculada Vicente,Generator,null
71,null,null,10,0,null,Generator,null
72,Sebastiano,Flemming,10,1,Andrea Rojas,Generator,null
73,Elena,Vazquez,10,1,Alisa Van Dijck,Generator,null
74,Jaime,Moya,10,1,Alfredo Leon,Generator,2020-03-24T16:42:55.320064
75,Andrei,Dallinga,10,1,Ersan Van Roosendaal,Generator,2020-03-24T16:42:55.321039
76,Kara,Vunderink,10,1,Gustavo Morales,Generator,2020-03-24T16:42:55.320747
77,Oege,Den heijer,10,1,Ersan Van Roosendaal,Generator,2020-03-24T16:42:55.317560
78,Evelyne,Zuur,10,1,Sven Giesen,Generator,null
79,Armaan,Kruijs,10,1,Sven Giesen,Generator,2020-03-24T16:42:55.300327
80,null,null,10,0,null,Generator,null
81,Ramon,Rodriguez,10,1,Magda Wittwer,Generator,null
82,null,null,10,0,null,Generator,null
83,Lucia,Cano,10,0,Liesel Schöttler,Generator,null
84,null,null,10,0,null,Generator,null
85,Jens,Kissel,10,1,Liesel Schöttler,Generator,null
86,null,null,10,0,null,Generator,null
87,Sergio,Gonzalez,10,1,Magda Wittwer,Generator,null
88,Sharen,Zwiers,10,1,Alfredo Leon,Generator,null
89,Margarita,Bravo,10,1,Inmaculada Vicente,Generator,null
90,Daryll,Van de belt,10,1,Gustavo Pascual,Generator,null
91,Gema,Hidalgo,10,1,Gustavo Pascual,Generator,2020-03-24T16:42:55.305716
92,Theo,Gaida,10,1,Alfredo Leon,Generator,null
93,Mahsa,Wijs,10,1,Gustavo Morales,Generator,null
94,Naómi,Silvius,10,1,Inmaculada Vicente,Generator,null
95,Sonay,Beeren,10,1,Sven Giesen,Generator,null
96,Magnus,Rommel,10,1,Mar Nieto,Generator,2020-03-24T16:42:55.310653
97,Christin,Seidl,10,1,Inmaculada Vicente,Generator,null
98,Broer,Ter bruggen,10,1,Andrea Rojas,Generator,null
99,Christian,Hernandez,10,1,Alfredo Leon,Generator,null
100,Conrad,Wörle,10,1,Alfredo Leon,Generator,null
101,null,null,10,0,null,Generator,null
102,Henderika,Louwen,10,1,Ivan Lorenzo,Generator,null
103,Hannie,Van steenis,10,1,Ersan Van Roosendaal,Generator,2020-03-24T16:42:55.316399
104,null,null,10,0,null,Generator,null
105,null,null,10,0,null,Generator,null
106,Stéphane,Reijerkerk,10,1,Ersan Van Roosendaal,Generator,null
107,Ronan,Hekker,10,1,Inmaculada Vicente,Generator,null
108,Mercedes,Schoenmaker,10,1,Roland Mudde,Generator,2020-03-24T16:42:55.300511
109,null,null,10,0,null,Generator,null
110,Ercan,Köppe,10,1,Roland Mudde,Generator,null
111,Manoek,Bastiaanssen,10,1,Liesel Schöttler,Generator,2020-03-24T16:42:55.315626
112,Cilli,Spiekermann,10,1,Inmaculada Vicente,Generator,2020-03-24T16:42:55.315274
113,null,null,10,0,null,Generator,null
114,Christian,Ruiz,10,1,Liesel Schöttler,Generator,null
115,Aitor,Alvarez,10,1,Roland Mudde,Generator,null
116,Alpha,Thissen,10,1,Manuela Santiago,Generator,null
117,Kay,Sipkema,10,1,Ivan Lorenzo,Generator,null
118,Burkard,Großer,10,1,Sven Giesen,Generator,null
119,null,null,10,0,null,Generator,null
120,Sybille,Garbe,10,1,Sven Giesen,Generator,null
121,null,null,10,0,null,Generator,null
122,null,null,10,0,null,Generator,null
123,Trinidad,Esteban,10,1,Alisa Van Dijck,Generator,null
124,Veronica,Molina,10,1,Luce De Schepper,Generator,2020-03-24T16:42:55.310523
125,Feija,Snoeren,10,1,Mar Nieto,Generator,null
126,null,null,10,0,null,Generator,null
127,Henna,Addink,10,0,Fatima Garcia,Generator,null
128,Lidia,Rubio,10,0,Andrea Rojas,Generator,null
129,Engelina,Teske,10,1,Jonathan Benitez,Generator,null
130,Danjella,Orsel,10,1,Alfredo Leon,Generator,2020-03-24T16:42:55.320843
131,German,Reyes,10,0,Luce De Schepper,Generator,null
132,Selim,Ausma,10,0,Magda Wittwer,Generator,null
133,Lidia,Rubio,10,1,Roland Mudde,Generator,2020-03-24T16:42:55.313316
134,null,null,10,0,null,Generator,null
135,null,null,10,0,null,Generator,null
136,Vanesa,Calvo,10,1,Ersan Van Roosendaal,Generator,null
137,null,null,10,0,null,Generator,null
138,Ricardo,Nuñez,10,1,Mar Nieto,Generator,null
139,null,null,10,0,null,Generator,null
140,null,null,10,0,null,Generator,null
141,Denian,Slomp,10,1,Yentl Huibregtse,Generator,null
142,Reza,Frenzel,10,1,Yentl Huibregtse,Generator,null
143,Enver,Vogt,10,1,Alisa Van Dijck,Generator,null
144,Monica,Garcia,10,1,Alfredo Leon,Generator,2020-03-24T16:42:55.312485
145,Constance,Fricke,10,0,Gustavo Morales,Generator,2020-03-24T16:42:55.299011
146,Begoña,Romero,10,1,Magda Wittwer,Generator,null
147,Monique,Preuss,10,1,Fatima Garcia,Generator,null
148,null,null,10,0,null,Generator,null
149,null,null,10,0,null,Generator,null
150,null,null,10,0,null,Generator,null
151,Hüseyin,Van der leek,10,1,Francisca Romero,Generator,2020-03-24T16:42:55.298639
152,Gertruida,Moed,10,1,Mar Nieto,Generator,null
153,null,null,10,0,null,Generator,null
154,Alfons,Huijben,10,1,Jonathan Benitez,Generator,null
155,Lorena,Vidal,10,1,Andrea Rojas,Generator,null
156,null,null,10,0,null,Generator,null
157,Louisa,Nijsse,10,1,Liesel Schöttler,Generator,null
158,null,null,10,0,null,Generator,null
159,Inmaculada,Gallardo,10,1,Jonathan Benitez,Generator,2020-03-24T16:42:55.319923
160,null,null,10,0,null,Generator,null
161,Esat,Kint,10,1,Andrea Rojas,Generator,null
162,Sonia,Parra,10,1,Jonathan Benitez,Generator,null
163,null,null,10,0,null,Generator,null
164,Freija,Van zuuk,10,1,Yentl Huibregtse,Generator,null
165,Kristi,Van sprang,10,1,Mar Nieto,Generator,null
166,null,null,10,0,null,Generator,null
167,null,null,10,0,null,Generator,null
168,null,null,10,0,null,Generator,null
169,null,null,10,0,null,Generator,null
170,Danny,Adriaensen,10,1,Andrea Rojas,Generator,null
171,Frank-michael,Hauer,10,1,Liesel Schöttler,Generator,null
172,Branko,Schroth,10,1,Alfredo Leon,Generator,2020-03-24T16:42:55.314507
173,Inmaculada,Gutierrez,10,0,Roland Mudde,Generator,2020-03-24T16:42:55.316595
174,Purificacion,Alonso,10,1,Roland Mudde,Generator,null
175,Alejandra,Cortes,10,1,Jonathan Benitez,Generator,null
176,null,null,10,0,null,Generator,null
177,Hélène,Stolk,10,1,Luce De Schepper,Generator,2020-03-24T16:42:55.307961
178,Alberto,Suarez,10,1,Francisca Romero,Generator,2020-03-24T16:42:55.318496
179,Valentin,Lozano,10,1,Luce De Schepper,Generator,null
180,Bert,Flemming,10,1,Jonathan Benitez,Generator,2020-03-24T16:42:55.320410
181,null,null,10,0,null,Generator,null
182,Dorothee,Schill,10,1,Mar Nieto,Generator,null
183,Birgid,Brauer,10,1,Magda Wittwer,Generator,null
184,null,null,10,0,null,Generator,null
185,Rosan,Lavrijsen,10,0,Magda Wittwer,Generator,null
186,Concetta,Lotz,10,1,Alisa Van Dijck,Generator,null
187,null,null,10,0,null,Generator,null
188,Ilana,Jongejan,10,1,Ivan Lorenzo,Generator,2020-03-24T16:42:55.312103
189,Ensar,Piels,10,0,Ivan Lorenzo,Generator,null
190,Stan,Siereveld,10,1,Jonathan Benitez,Generator,null
191,Sjonnie,Van dongen,10,1,Liesel Schöttler,Generator,null
192,Valentina,Heijerman,10,1,Liesel Schöttler,Generator,null
193,null,null,10,0,null,Generator,null
194,Kyllian,Van haaster,10,1,Gustavo Pascual,Generator,null
195,Jose,Bravo,10,1,Magda Wittwer,Generator,null
196,Gabriel,Garcia,10,1,Mar Nieto,Generator,null
197,Esmé,Moraal,10,1,Sven Giesen,Generator,null
198,Levin,Oosterhoff,10,1,Fatima Garcia,Generator,null
199,Marta,Diaz,10,0,Ersan Van Roosendaal,Generator,null
200,Katrin,Hiller,10,1,Francisca Romero,Generator,null
201,Noah,Tiede,10,1,Inmaculada Vicente,Generator,null
202,null,null,10,0,null,Generator,null
203,Raik,Jörg,10,1,Fatima Garcia,Generator,2020-03-24T16:42:55.305194
204,Thuy,Snijders,10,0,Sven Giesen,Generator,null
205,null,null,10,0,null,Generator,null
206,Sandor,Bulut,10,1,Andrea Rojas,Generator,null
207,Helmtrud,Hüls,10,1,Ivan Lorenzo,Generator,null
208,Margarita,Martin,10,1,Luce De Schepper,Generator,null
209,Vivian,Kötter,10,1,Jonathan Benitez,Generator,null
210,Marius,Bruder,10,1,Luce De Schepper,Generator,null
211,null,null,10,0,null,Generator,null
212,null,null,10,0,null,Generator,null
213,Leandro,Deelstra,10,1,Roland Mudde,Generator,null
214,Andrea,Rubio,10,1,Roland Mudde,Generator,2020-03-24T16:42:55.301068
215,Benita,Heller,10,1,Francisca Romero,Generator,2020-03-24T16:42:55.313727
216,null,null,10,0,null,Generator,null
217,Margitta,Fichtner,10,1,Gustavo Pascual,Generator,null
218,Johanna,Ney,10,0,Gustavo Morales,Generator,null
219,null,null,10,0,null,Generator,null
220,Jolein,Brugge,10,1,Andrea Rojas,Generator,2020-03-24T16:42:55.318288
221,Marek,De bok,10,1,Gustavo Pascual,Generator,null
222,Dragica,Kuhnt,10,1,Sven Giesen,Generator,null
223,Pascal,Reiner,10,1,Ivan Lorenzo,Generator,null
224,Anoeshka,Van brussel,10,1,Eyup Stassen,Generator,2020-03-24T16:42:55.317831
225,Isaac,Fuentes,10,1,Francisca Romero,Generator,null
226,Margarita,Soto,10,1,Inmaculada Vicente,Generator,null
227,Emilia,Gomez,10,1,Francisca Romero,Generator,null
228,Rory,Agterberg,10,1,Mar Nieto,Generator,null
229,Brand,Özdemir,10,0,Alfredo Leon,Generator,null
230,null,null,10,0,null,Generator,null
231,Arnulf,Brand,10,1,Gustavo Pascual,Generator,2020-03-24T16:42:55.305546
232,null,null,10,0,null,Generator,null
233,Vicenta,Gallego,10,1,Inmaculada Vicente,Generator,null
234,Werner,Tensen,10,1,Gustavo Pascual,Generator,2020-03-24T16:42:55.312591
235,Richenel,Heuvel,10,1,Francisca Romero,Generator,null
236,Jessy,Van luik,10,1,Jonathan Benitez,Generator,null
237,Gabriel,Martinez,10,1,Alisa Van Dijck,Generator,null
238,null,null,10,0,null,Generator,null
239,Ignacio,Gallego,10,1,Gustavo Morales,Generator,null
240,Fatima,Molina,10,0,Fatima Garcia,Generator,null
241,Mariah,Dierx,10,0,Luce De Schepper,Generator,2020-03-24T16:42:55.309233
242,Evamaria,Weißmann,10,1,Andrea Rojas,Generator,null
243,null,null,10,0,null,Generator,null
244,Lisa,Dietzel,10,1,Jonathan Benitez,Generator,null
245,null,null,10,0,null,Generator,null
246,Damien,Notten,10,1,Andrea Rojas,Generator,null
247,null,null,10,0,null,Generator,null
248,null,null,10,0,null,Generator,null
249,Purificacion,Saez,10,1,Alfredo Leon,Generator,null
250,Liliane,Obermeier,10,1,Sven Giesen,Generator,null
251,Nicolas,Ortega,10,0,Manuela Santiago,Generator,null
252,Heinrich,Bieber,10,1,Magda Wittwer,Generator,null
253,Giuseppe,Ladwig,10,1,Manuela Santiago,Generator,null
254,Hansgeorg,Obermaier,10,0,Inmaculada Vicente,Generator,null
255,null,null,10,0,null,Generator,null
256,Meta,Ullrich,10,1,Gustavo Pascual,Generator,null
257,Min,Van der veeken,10,1,Jonathan Benitez,Generator,null
258,Kathleen,Van der bruggen,10,1,Liesel Schöttler,Generator,null
259,Wendeline,Doppenberg,10,0,Fatima Garcia,Generator,null
260,Marija,Häring,10,1,Alfredo Leon,Generator,2020-03-24T16:42:55.317502
261,Cathleen,Kämpf,10,1,Roland Mudde,Generator,null
262,Balou,Van rooij,10,1,Roland Mudde,Generator,2020-03-24T16:42:55.312836
263,Djoeke,Clarijs,10,1,Inmaculada Vicente,Generator,2020-03-24T16:42:55.309155
264,Annetta,Koenderink,10,1,Gustavo Pascual,Generator,null
265,Çigdem,Kranen,10,1,Mar Nieto,Generator,null
266,null,null,10,0,null,Generator,null
267,null,null,10,0,null,Generator,null
268,Cora,Linder,10,1,Gustavo Pascual,Generator,2020-03-24T16:42:55.316300
269,null,null,10,0,null,Generator,null
270,null,null,10,0,null,Generator,null
271,Suse,Thiede,10,1,Yentl Huibregtse,Generator,null
272,Arturo,Nuñez,10,1,Francisca Romero,Generator,2020-03-24T16:42:55.319610
273,Vanesa,Nuñez,10,1,Mar Nieto,Generator,null
274,null,null,10,0,null,Generator,null
275,Giano,Van osta,10,1,Mar Nieto,Generator,null
276,Beate,Wein,10,1,Andrea Rojas,Generator,null
277,null,null,10,0,null,Generator,null
278,null,null,10,0,null,Generator,null
279,Maria,Herrera,10,1,Andrea Rojas,Generator,null
280,Liam,Reith,10,1,Gustavo Morales,Generator,null
281,Samuel,Ortiz,10,1,Alisa Van Dijck,Generator,2020-03-24T16:42:55.320657
282,null,null,10,0,null,Generator,null
283,null,null,10,0,null,Generator,null
284,null,null,10,0,null,Generator,null
285,null,null,10,0,null,Generator,null
286,null,null,10,0,null,Generator,null
287,Julian,Cortes,10,0,Francisca Romero,Generator,null
288,Purificacion,Ibañez,10,1,Ivan Lorenzo,Generator,null
289,null,null,10,0,null,Generator,null
290,null,null,10,0,null,Generator,null
291,null,null,10,0,null,Generator,null
292,null,null,10,0,null,Generator,null
293,Dajana,De vries,10,0,Jonathan Benitez,Generator,2020-03-24T16:42:55.317102
294,Reinhilde,Kramer,10,1,Manuela Santiago,Generator,null
295,Belen,Carrasco,10,0,Yentl Huibregtse,Generator,null
296,Tomas,Arias,10,1,Gustavo Pascual,Generator,null
297,Sevim,Stehr,10,1,Andrea Rojas,Generator,null
298,Wigbert,Waibel,10,1,Andrea Rojas,Generator,null
299,null,null,10,0,null,Generator,null
300,Orin,Badloe,10,1,Alisa Van Dijck,Generator,null
301,Esther,Schünemann,10,1,Ivan Lorenzo,Generator,null
302,Benjamin,Weis,10,1,Eyup Stassen,Generator,2020-03-24T16:42:55.309915
303,null,null,10,0,null,Generator,null
304,Johnathan,Müller,10,1,Gustavo Morales,Generator,null
305,Steffen,Rolle,10,1,Yentl Huibregtse,Generator,null
306,Nathaly,Rotteveel,10,1,Ersan Van Roosendaal,Generator,2020-03-24T16:42:55.302227
307,null,null,10,0,null,Generator,null
308,null,null,10,0,null,Generator,null
309,Manuel,Ruiz,10,1,Gustavo Morales,Generator,null
310,Kubra,Van 't westeinde,10,1,Yentl Huibregtse,Generator,null
311,Asuncion,Rubio,10,1,Luce De Schepper,Generator,null
312,null,null,10,0,null,Generator,null
313,Aafje,Staps,10,1,Magda Wittwer,Generator,null
314,Freek,Kragt,10,0,Ersan Van Roosendaal,Generator,null
315,Claudia,Pastor,10,1,Manuela Santiago,Generator,null
316,Fatima,Ortega,10,1,Gustavo Pascual,Generator,null
317,null,null,10,0,null,Generator,null
318,null,null,10,0,null,Generator,null
319,Denisha,Groenewold,10,0,Ersan Van Roosendaal,Generator,null
320,Albert,Dominguez,10,1,Jonathan Benitez,Generator,null
321,Alijda,Sommer,10,1,Sven Giesen,Generator,2020-03-24T16:42:55.310714
322,Alihan,De meijer,10,1,Luce De Schepper,Generator,null
323,Randolf,Kuhnt,10,1,Alisa Van Dijck,Generator,null
324,Slobodan,Götte,10,1,Magda Wittwer,Generator,null
325,null,null,10,0,null,Generator,null
326,Jose,Vazquez,10,1,Gustavo Morales,Generator,null
327,Gottlieb,Meder,10,1,Francisca Romero,Generator,2020-03-24T16:42:55.315980
328,null,null,10,0,null,Generator,null
329,Irmhild,Zöllner,10,1,Ivan Lorenzo,Generator,null
330,Beerd,Verhoeven,10,1,Eyup Stassen,Generator,null
331,null,null,10,0,null,Generator,null
332,Elena,Alvarez,10,0,Jonathan Benitez,Generator,2020-03-24T16:42:55.315877
333,Zübeyde,Liefers,10,1,Gustavo Pascual,Generator,2020-03-24T16:42:55.320032
334,null,null,10,0,null,Generator,null
335,Agnes,Mitschke,10,1,Liesel Schöttler,Generator,2020-03-24T16:42:55.302843
336,Hinrich,Gerling,10,1,Gustavo Morales,Generator,null
337,null,null,10,0,null,Generator,null
338,Marcos,Esteban,10,0,Fatima Garcia,Generator,null
339,null,null,10,0,null,Generator,null
340,null,null,10,0,null,Generator,null
341,Ellen,Langenbach,10,1,Yentl Huibregtse,Generator,null
342,Albert,Campos,10,1,Liesel Schöttler,Generator,null
343,Trinidad,Sanchez,10,1,Inmaculada Vicente,Generator,null
344,Milagros,Cabrera,10,1,Jonathan Benitez,Generator,null
345,null,null,10,0,null,Generator,null
346,German,Ortega,10,1,Magda Wittwer,Generator,2020-03-24T16:42:55.302284
347,Kirstin,Pitz,10,1,Yentl Huibregtse,Generator,null
348,null,null,10,0,null,Generator,null
349,Monica,Iglesias,10,1,Jonathan Benitez,Generator,null
350,Philippe,Maarleveld,10,1,Gustavo Morales,Generator,null
351,Joan,Santiago,10,0,Andrea Rojas,Generator,null
352,Toralf,Reiff,10,1,Magda Wittwer,Generator,null
353,Aurora,Lopez,10,1,Andrea Rojas,Generator,2020-03-24T16:42:55.315953
354,Rinesh,Van berkel,10,0,Andrea Rojas,Generator,null
355,Drago,Sandner,10,1,Alisa Van Dijck,Generator,2020-03-24T16:42:55.315078
356,null,null,10,0,null,Generator,null
357,Marin,De cuba,10,1,Jonathan Benitez,Generator,2020-03-24T16:42:55.316172
358,Hanna,Asmus,10,1,Roland Mudde,Generator,null
359,null,null,10,0,null,Generator,null
360,Shivam,Yuen,10,1,Gustavo Morales,Generator,2020-03-24T16:42:55.313119
361,André,Scheepbouwer,10,0,Mar Nieto,Generator,null
362,null,null,10,0,null,Generator,null
363,Leander,Blanker,10,1,Roland Mudde,Generator,null
364,Hilje,Slootweg,10,1,Luce De Schepper,Generator,2020-03-24T16:42:55.297354
365,null,null,10,0,null,Generator,null
366,Melika,Coenraad,10,1,Roland Mudde,Generator,null
367,Domingo,Sanz,10,1,Roland Mudde,Generator,null
368,Ferre,Combee,10,1,Andrea Rojas,Generator,2020-03-24T16:42:55.314890
369,Zoubeir,Stegenga,10,1,Ivan Lorenzo,Generator,null
370,Alexander,Nieto,10,1,Manuela Santiago,Generator,2020-03-24T16:42:55.313232
371,Helmut,Dahm,10,1,Fatima Garcia,Generator,2020-03-24T16:42:55.314484
372,Doris,Brückmann,10,0,Andrea Rojas,Generator,null
373,Lard,Burgers,10,0,Gustavo Morales,Generator,2020-03-24T16:42:55.304281
374,Ida,Veldman,10,1,Gustavo Pascual,Generator,2020-03-24T16:42:55.316982
375,Krystyna,Marx,10,1,Fatima Garcia,Generator,null
376,Katelijne,Van rijt,10,0,Eyup Stassen,Generator,null
377,null,null,10,0,null,Generator,null
378,Claudia,Torres,10,1,Gustavo Morales,Generator,null
379,Mika,Aydin,10,1,Manuela Santiago,Generator,null
380,Take,Valk,10,1,Fatima Garcia,Generator,null
381,Dimitrios,Elsner,10,1,Sven Giesen,Generator,2020-03-24T16:42:55.320323
382,Albert,Rojas,10,1,Alisa Van Dijck,Generator,null
383,null,null,10,0,null,Generator,null
384,Natalia,Garrido,10,1,Eyup Stassen,Generator,null
385,Georg,Windhorst,10,1,Eyup Stassen,Generator,null
386,Lucia,Pascual,10,1,Manuela Santiago,Generator,2020-03-24T16:42:55.319063
387,Matias,Ernst,10,1,Gustavo Morales,Generator,2020-03-24T16:42:55.304426
388,Josefina,Rubio,10,1,Gustavo Morales,Generator,null
389,null,null,10,0,null,Generator,null
390,Andrea,Sutter,10,1,Alfredo Leon,Generator,2020-03-24T16:42:55.320729
391,Tomas,Romero,10,1,Inmaculada Vicente,Generator,null
392,Josha,Langenbach,10,0,Ivan Lorenzo,Generator,null
393,Anne-marieke,Van beusichem,10,1,Gustavo Morales,Generator,2020-03-24T16:42:55.309464
394,Soledad,Vega,10,1,Gustavo Morales,Generator,null
395,null,null,10,0,null,Generator,null
396,Ibrahim,Hohl,10,1,Andrea Rojas,Generator,null
397,Ulrich,Bremer,10,1,Sven Giesen,Generator,null
398,null,null,10,0,null,Generator,null
399,Jonathan,Vega,10,1,Francisca Romero,Generator,null
400,Jacobine,Wilts,10,1,Liesel Schöttler,Generator,null
401,Charline,Plompen,10,1,Andrea Rojas,Generator,2020-03-24T16:42:55.315720
402,null,null,10,0,null,Generator,null
403,Gerhart,Kähler,10,1,Roland Mudde,Generator,null
404,Carin,Kösters,10,1,Sven Giesen,Generator,2020-03-24T16:42:55.302377
405,Rosemarie,Schwan,10,1,Roland Mudde,Generator,null
406,German,Herrero,10,1,Roland Mudde,Generator,null
407,null,null,10,0,null,Generator,null
408,null,null,10,0,null,Generator,null
409,Ante,Degenhardt,10,1,Jonathan Benitez,Generator,null
410,Dicle,Van meegen,10,0,Francisca Romero,Generator,2020-03-24T16:42:55.313177
411,Luisa,Martinez,10,1,Roland Mudde,Generator,null
412,Jan-jaap,Van de velde,10,1,Ersan Van Roosendaal,Generator,null
413,null,null,10,0,null,Generator,null
414,null,null,10,0,null,Generator,null
415,Elli,Weichert,10,1,Luce De Schepper,Generator,null
416,Wilhelm,Kühn,10,1,Mar Nieto,Generator,null
417,Ernestine,Klocke,10,0,Roland Mudde,Generator,2020-03-24T16:42:55.319743
418,Ridvan,Boelen,10,1,Sven Giesen,Generator,null
419,Terri,Heesen,10,0,Alisa Van Dijck,Generator,null
420,Eric,Rauer,10,1,Mar Nieto,Generator,null
421,Serge,Caspari,10,1,Mar Nieto,Generator,2020-03-24T16:42:55.314746
422,null,null,10,0,null,Generator,null
423,Sara,Steins,10,1,Luce De Schepper,Generator,null
424,null,null,10,0,null,Generator,null
425,Thijn,Jones,10,1,Roland Mudde,Generator,2020-03-24T16:42:55.319144
426,null,null,10,0,null,Generator,null
427,Lena,Koelewijn,10,1,Inmaculada Vicente,Generator,null
428,null,null,10,0,null,Generator,null
429,Marga,Bär,10,1,Sven Giesen,Generator,null
430,null,null,10,0,null,Generator,null
431,Borja,Montero,10,0,Manuela Santiago,Generator,null
432,Aysu,Schaaf,10,1,Alfredo Leon,Generator,null
433,Svenja,Stoffel,10,1,Jonathan Benitez,Generator,null
434,Krystyna,Lind,10,1,Gustavo Morales,Generator,null
435,null,null,10,0,null,Generator,null
436,Lorena,Saez,10,0,Inmaculada Vicente,Generator,null
437,Sofia,Ibañez,10,1,Yentl Huibregtse,Generator,null
438,Nusret,Bekx,10,1,Fatima Garcia,Generator,2020-03-24T16:42:55.309333
439,Magdalena,Garcia,10,1,Luce De Schepper,Generator,null
440,Karlfried,Löffler,10,1,Francisca Romero,Generator,2020-03-24T16:42:55.302508
441,Miguel,Scheffel,10,1,Alisa Van Dijck,Generator,null
442,Wilfriede,Börger,10,1,Mar Nieto,Generator,2020-03-24T16:42:55.308971
443,null,null,10,0,null,Generator,null
444,Imran,Van hagen,10,0,Andrea Rojas,Generator,null
445,null,null,10,0,null,Generator,null
446,Lexi,Cobussen,10,0,Francisca Romero,Generator,null
447,Luisa,Pascual,10,1,Yentl Huibregtse,Generator,2020-03-24T16:42:55.316445
448,null,null,10,0,null,Generator,null
449,null,null,10,0,null,Generator,null
450,Werner,Galle,10,1,Yentl Huibregtse,Generator,null
451,null,null,10,0,null,Generator,null
452,null,null,10,0,null,Generator,null
453,Pietro,Van tatenhove,10,1,Francisca Romero,Generator,2020-03-24T16:42:55.317461
454,Isabell,Schimmelpfennig,10,1,Ersan Van Roosendaal,Generator,2020-03-24T16:42:55.310217
455,Gertraut,Moldenhauer,10,0,Eyup Stassen,Generator,2020-03-24T16:42:55.310354
456,Sarella,Harlaar,10,1,Mar Nieto,Generator,2020-03-24T16:42:55.317143
457,Maudy,Schokkenbroek,10,1,Mar Nieto,Generator,2020-03-24T16:42:55.300222
458,null,null,10,0,null,Generator,null
459,Manuela,Rojas,10,1,Gustavo Pascual,Generator,null
460,Heinz-werner,Temme,10,1,Jonathan Benitez,Generator,2020-03-24T16:42:55.307214
461,Irmtrud,Schmidt,10,1,Alisa Van Dijck,Generator,null
462,Wessel,Borg,10,1,Jonathan Benitez,Generator,2020-03-24T16:42:55.320355
463,Sandra,Groote,10,1,Luce De Schepper,Generator,null
464,Hassana,Gumbs,10,0,Francisca Romero,Generator,null
465,null,null,10,0,null,Generator,null
466,Roselie,Otterspeer,10,1,Fatima Garcia,Generator,null
467,Nick,Häfner,10,1,Ivan Lorenzo,Generator,2020-03-24T16:42:55.319849
468,Mohamed,Herrero,10,1,Jonathan Benitez,Generator,null
469,null,null,10,0,null,Generator,null
470,null,null,10,0,null,Generator,null
471,Annamaria,Wegner,10,1,Mar Nieto,Generator,null
472,null,null,10,0,null,Generator,null
473,Manoe,Vergoossen,10,0,Gustavo Pascual,Generator,null
474,Jesmer,Brinkman,10,1,Francisca Romero,Generator,null
475,Jordi,Nieto,10,1,Alisa Van Dijck,Generator,null
476,Gülay,Knödler,10,1,Ersan Van Roosendaal,Generator,2020-03-24T16:42:55.319322
477,Sonya,Peppelman,10,1,Fatima Garcia,Generator,null
478,Benjamin,Hänsel,10,1,Ersan Van Roosendaal,Generator,2020-03-24T16:42:55.304052
479,null,null,10,0,null,Generator,null
480,null,null,10,0,null,Generator,null
481,Samuel,Fernandez,10,1,Alisa Van Dijck,Generator,null
482,Jay,Barmentloo,10,1,Francisca Romero,Generator,null
483,Regine,Wilke,10,1,Ivan Lorenzo,Generator,2020-03-24T16:42:55.315785
484,Miriam,Martinez,10,1,Andrea Rojas,Generator,null
485,null,null,10,0,null,Generator,null
486,Caroline,Schwabe,10,1,Alisa Van Dijck,Generator,2020-03-24T16:42:55.318686
487,Fayçal,Crombach,10,1,Fatima Garcia,Generator,null
488,Daantje,Kortman,10,1,Gustavo Morales,Generator,null
489,Jorge,Ramirez,10,0,Sven Giesen,Generator,2020-03-24T16:42:55.305833
490,null,null,10,0,null,Generator,null
491,null,null,10,0,null,Generator,null
492,null,null,10,0,null,Generator,null
493,Franjo,Göhler,10,1,Roland Mudde,Generator,null
494,null,null,10,0,null,Generator,null
495,Angeles,Garrido,10,1,Jonathan Benitez,Generator,2020-03-24T16:42:55.303549
496,Andrea,Martin,10,1,Inmaculada Vicente,Generator,null
497,Marco,Montero,10,0,Yentl Huibregtse,Generator,2020-03-24T16:42:55.309835
498,Lemar,Raadschelders,10,1,Andrea Rojas,Generator,null
499,Jesus,Diaz,10,1,Liesel Schöttler,Generator,null
500,Colinda,Stooker,10,1,Gustavo Pascual,Generator,null
501,Inmaculada,Moreno,10,1,Gustavo Morales,Generator,null
502,Agustin,Peña,10,1,Ivan Lorenzo,Generator,2020-03-24T16:42:55.318892
503,Jaime,Prins,10,1,Ersan Van Roosendaal,Generator,2020-03-24T16:42:55.315569
504,Karwan,Bremer,10,1,Yentl Huibregtse,Generator,null
505,Arzu,Lemstra,10,1,Mar Nieto,Generator,null
506,null,null,10,0,null,Generator,null
507,Albert,Santos,10,1,Roland Mudde,Generator,null
508,Sabien,Sterkenburg,10,1,Luce De Schepper,Generator,null
509,Melanie,Kiel,10,1,Andrea Rojas,Generator,2020-03-24T16:42:55.309777
510,null,null,10,0,null,Generator,null
511,Alvaro,Fuentes,10,1,Mar Nieto,Generator,null
512,Leonie,Recktenwald,10,1,Yentl Huibregtse,Generator,null
513,Alba,Gil,10,1,Liesel Schöttler,Generator,2020-03-24T16:42:55.301648
514,null,null,10,0,null,Generator,null
515,Mira,Knauer,10,1,Sven Giesen,Generator,null
516,null,null,10,0,null,Generator,null
517,Milagros,Molina,10,0,Fatima Garcia,Generator,2020-03-24T16:42:55.321058
518,Andrei,Hufnagel,10,1,Fatima Garcia,Generator,2020-03-24T16:42:55.304477
519,Hale,Van altena,10,0,Mar Nieto,Generator,null
520,Fredy,Stich,10,1,Andrea Rojas,Generator,null
521,Berna,Knijnenburg,10,0,Mar Nieto,Generator,2020-03-24T16:42:55.315237
522,null,null,10,0,null,Generator,null
523,Gema,Vega,10,0,Jonathan Benitez,Generator,2020-03-24T16:42:55.320711
524,Nasr,Den hoed,10,1,Mar Nieto,Generator,null
525,Maurice,Bethge,10,0,Ersan Van Roosendaal,Generator,2020-03-24T16:42:55.320304
526,Margareta,Wilken,10,1,Gustavo Morales,Generator,null
527,Lutz,Reichardt,10,1,Jonathan Benitez,Generator,null
528,null,null,10,0,null,Generator,null
529,null,null,10,0,null,Generator,null
530,Dieter,Köstler,10,1,Alisa Van Dijck,Generator,null
531,Corné,Ter heide,10,1,Inmaculada Vicente,Generator,null
532,Ingo,Jörg,10,1,Ivan Lorenzo,Generator,2020-03-24T16:42:55.305285
533,null,null,10,0,null,Generator,null
534,Ulf,Kraft,10,1,Ersan Van Roosendaal,Generator,null
535,Jose,Marquez,10,1,Jonathan Benitez,Generator,2020-03-24T16:42:55.320217
536,Slavko,Metzler,10,1,Alfredo Leon,Generator,2020-03-24T16:42:55.302753
537,null,null,10,0,null,Generator,null
538,Cristian,Vargas,10,1,Alisa Van Dijck,Generator,null
539,Rajesh,Crezee,10,1,Alisa Van Dijck,Generator,null
540,Guiseppe,Konrad,10,1,Alfredo Leon,Generator,null
541,Dewy,Van leer,10,0,Francisca Romero,Generator,null
542,Bilaal,Winklaar,10,1,Fatima Garcia,Generator,2020-03-24T16:42:55.320993
543,Marina,Ortmann,10,1,Jonathan Benitez,Generator,null
544,Hans-josef,Hamann,10,1,Andrea Rojas,Generator,null
545,null,null,10,0,null,Generator,null
546,Buck,De veld,10,1,Luce De Schepper,Generator,null
547,Manuel,Wollmann,10,1,Mar Nieto,Generator,2020-03-24T16:42:55.315380
548,null,null,10,0,null,Generator,null
549,null,null,10,0,null,Generator,null
550,Danne,Bijleveld,10,1,Francisca Romero,Generator,null
551,Grit,Schüler,10,1,Francisca Romero,Generator,null
552,Rosel,Dittmer,10,1,Eyup Stassen,Generator,null
553,null,null,10,0,null,Generator,null
554,Hugo,Prieto,10,1,Alfredo Leon,Generator,null
555,Mexx,Buma,10,0,Mar Nieto,Generator,null
556,Rowy,Dwars,10,1,Inmaculada Vicente,Generator,null
557,null,null,10,0,null,Generator,null
558,Nickey,Çetinkaya,10,1,Gustavo Pascual,Generator,null
559,Patricia,Santos,10,1,Ersan Van Roosendaal,Generator,null
560,Bruce,Ottens,10,1,Andrea Rojas,Generator,2020-03-24T16:42:55.299465
561,Patricia,Arias,10,0,Fatima Garcia,Generator,2020-03-24T16:42:55.309494
562,null,null,10,0,null,Generator,null
563,Beverly,Schouwstra,10,1,Liesel Schöttler,Generator,null
564,null,null,10,0,null,Generator,null
565,Milagros,Peña,10,1,Ivan Lorenzo,Generator,2020-03-24T16:42:55.298877
566,Kristina,Reimer,10,1,Ersan Van Roosendaal,Generator,null
567,Pilar,Martinez,10,0,Francisca Romero,Generator,null
568,Sergio,Duran,10,1,Andrea Rojas,Generator,2020-03-24T16:42:55.316918
569,null,null,10,0,null,Generator,null
570,null,null,10,0,null,Generator,null
571,Tijl,Schrijer,10,1,Alisa Van Dijck,Generator,null
572,null,null,10,0,null,Generator,null
573,null,null,10,0,null,Generator,null
574,Oguzhan,Van der plas,10,1,Fatima Garcia,Generator,null
575,Hector,Marin,10,1,Eyup Stassen,Generator,null
576,Hannan,Clabbers,10,1,Francisca Romero,Generator,null
577,Traudel,Dräger,10,0,Inmaculada Vicente,Generator,null
578,Luisa,Soler,10,0,Manuela Santiago,Generator,null
579,Monika,Santing,10,1,Andrea Rojas,Generator,null
580,Francisco,Klier,10,1,Ersan Van Roosendaal,Generator,2020-03-24T16:42:55.316323
581,null,null,10,0,null,Generator,null
582,Victoria,Romero,10,1,Luce De Schepper,Generator,null
583,Marye,Leijdekkers,10,1,Gustavo Morales,Generator,2020-03-24T16:42:55.311671
584,Hanny,Hommel,10,1,Francisca Romero,Generator,2020-03-24T16:42:55.318195
585,null,null,10,0,null,Generator,null
586,Lambert,Dittrich,10,1,Liesel Schöttler,Generator,2020-03-24T16:42:55.319827
587,Betina,Dressler,10,0,Luce De Schepper,Generator,2020-03-24T16:42:55.318333
588,Françoise,Philippi,10,1,Andrea Rojas,Generator,null
589,Asma,Kemna,10,1,Eyup Stassen,Generator,null
590,Jenne,De louw,10,1,Gustavo Morales,Generator,null
591,Edgar,Großer,10,1,Jonathan Benitez,Generator,null
592,Sophie,Knop,10,1,Roland Mudde,Generator,null
593,null,null,10,0,null,Generator,null
594,null,null,10,0,null,Generator,null
595,Trudel,Sinn,10,1,Luce De Schepper,Generator,2020-03-24T16:42:55.318644
596,null,null,10,0,null,Generator,null
597,Yvonne,Van elferen,10,1,Andrea Rojas,Generator,null
598,Federico,De groen,10,1,Sven Giesen,Generator,null
599,Ana,Garcia,10,1,Ersan Van Roosendaal,Generator,null
600,Isabel,Medina,10,1,Ersan Van Roosendaal,Generator,null
601,null,null,10,0,null,Generator,null
602,null,null,10,0,null,Generator,null
603,Lorena,Pastor,10,1,Ersan Van Roosendaal,Generator,null
604,Salih,Paauwe,10,1,Inmaculada Vicente,Generator,2020-03-24T16:42:55.308684
605,Gracia,Haarsma,10,1,Alfredo Leon,Generator,null
606,null,null,10,0,null,Generator,null
607,Oswald,Bieber,10,0,Francisca Romero,Generator,2020-03-24T16:42:55.305778
608,Pilar,Gomez,10,1,Magda Wittwer,Generator,2020-03-24T16:42:55.317300
609,Rowin,Hofkens,10,1,Francisca Romero,Generator,null
610,Egberdina,Van der vliet,10,1,Sven Giesen,Generator,null
611,Bernardus,Kelderman,10,1,Yentl Huibregtse,Generator,2020-03-24T16:42:55.317380
612,Cristina,Nuñez,10,1,Manuela Santiago,Generator,null
613,Britta,Menne,10,0,Ersan Van Roosendaal,Generator,2020-03-24T16:42:55.307155
614,Catalina,Gimenez,10,1,Ivan Lorenzo,Generator,null
615,Chanelva,Westbroek,10,1,Eyup Stassen,Generator,2020-03-24T16:42:55.320886
616,null,null,10,0,null,Generator,null
617,null,null,10,0,null,Generator,null
618,null,null,10,0,null,Generator,null
619,Wendie,Mandemaker,10,1,Mar Nieto,Generator,null
620,Annette,Weidemann,10,1,Alfredo Leon,Generator,null
621,Roman,Schuurmans,10,1,Eyup Stassen,Generator,null
622,Jerzy,Reisinger,10,1,Alisa Van Dijck,Generator,2020-03-24T16:42:55.310599
623,Gabriel,Aguilar,10,1,Gustavo Pascual,Generator,null
624,Sije,Olsthoorn,10,1,Sven Giesen,Generator,null
625,Selma,Schwartz,10,1,Gustavo Pascual,Generator,null
626,null,null,10,0,null,Generator,null
627,Angeles,Cano,10,0,Gustavo Pascual,Generator,null
628,Hanin,Cats,10,1,Manuela Santiago,Generator,null
629,André,Miedema,10,1,Fatima Garcia,Generator,2020-03-24T16:42:55.299332
630,Andres,Soler,10,1,Mar Nieto,Generator,2020-03-24T16:42:55.320527
631,Romy,Sandner,10,0,Roland Mudde,Generator,null
632,null,null,10,0,null,Generator,null
633,null,null,10,0,null,Generator,null
634,Jesaja,Kuijken,10,1,Magda Wittwer,Generator,2020-03-24T16:42:55.316854
635,Amadou,Louwe,10,1,Liesel Schöttler,Generator,null
636,Teresa,Calvo,10,1,Jonathan Benitez,Generator,null
637,Ulrike,Lohse,10,1,Gustavo Morales,Generator,null
638,null,null,10,0,null,Generator,null
639,Catalina,Suarez,10,1,Luce De Schepper,Generator,null
640,null,null,10,0,null,Generator,null
641,Josep,Pastor,10,1,Fatima Garcia,Generator,null
642,Julian,Lorenzo,10,1,Alisa Van Dijck,Generator,null
643,null,null,10,0,null,Generator,null
644,null,null,10,0,null,Generator,null
645,Celia,Alonso,10,1,Gustavo Morales,Generator,2020-03-24T16:42:55.308774
646,Sandra,Arias,10,1,Liesel Schöttler,Generator,null
647,null,null,10,0,null,Generator,null
648,null,null,10,0,null,Generator,null
649,Alba,Suarez,10,1,Jonathan Benitez,Generator,2020-03-24T16:42:55.300169
650,Sam,Aalten,10,1,Sven Giesen,Generator,null
651,Yu,Te nijenhuis,10,1,Francisca Romero,Generator,null
652,Ashwan,Peterson,10,1,Jonathan Benitez,Generator,null
653,null,null,10,0,null,Generator,null
654,Oane,Godschalk,10,0,Mar Nieto,Generator,null
655,Alexander,Van nieuwenhuizen,10,1,Inmaculada Vicente,Generator,null
656,null,null,10,0,null,Generator,null
657,null,null,10,0,null,Generator,null
658,Dylana,De bok,10,1,Alfredo Leon,Generator,2020-03-24T16:42:55.299146
659,null,null,10,0,null,Generator,null
660,Leokadia,Eickhoff,10,1,Ivan Lorenzo,Generator,null
661,Lorenzo,Rojas,10,1,Ivan Lorenzo,Generator,2020-03-24T16:42:55.298738
662,Horst,Bartz,10,1,Eyup Stassen,Generator,null
663,Akkelien,Postuma,10,1,Fatima Garcia,Generator,2020-03-24T16:42:55.320973
664,Annelein,Plugge,10,1,Ersan Van Roosendaal,Generator,2020-03-24T16:42:55.320862
665,null,null,10,0,null,Generator,null
666,Noralie,Zieleman,10,1,Roland Mudde,Generator,null
667,null,null,10,0,null,Generator,null
668,Abdifatah,Snel,10,0,Ersan Van Roosendaal,Generator,2020-03-24T16:42:55.317635
669,null,null,10,0,null,Generator,null
670,Arno,Lautenschläger,10,1,Fatima Garcia,Generator,2020-03-24T16:42:55.308154
671,null,null,10,0,null,Generator,null
672,Daniela,Fuentes,10,1,Alisa Van Dijck,Generator,null
673,Willianne,Reitsma,10,1,Yentl Huibregtse,Generator,null
674,Nygel,Reijenga,10,1,Alfredo Leon,Generator,null
675,Kunigunde,Teufel,10,1,Roland Mudde,Generator,2020-03-24T16:42:55.309523
676,Rihab,Van der wielen,10,1,Gustavo Pascual,Generator,null
677,Teresa,Jordan,10,1,Magda Wittwer,Generator,null
678,null,null,10,0,null,Generator,null
679,Shadi,Kabel,10,0,Magda Wittwer,Generator,null
680,null,null,10,0,null,Generator,null
681,Alberto,Rubio,10,1,Alfredo Leon,Generator,null
682,Belinda,Bünger,10,1,Inmaculada Vicente,Generator,null
683,Jessi,Berk,10,0,Magda Wittwer,Generator,null
684,null,null,10,0,null,Generator,null
685,Lizz,Kort,10,1,Sven Giesen,Generator,null
686,null,null,10,0,null,Generator,null
687,null,null,10,0,null,Generator,null
688,Ynske,Van nugteren,10,1,Francisca Romero,Generator,null
689,Susana,Reyes,10,1,Roland Mudde,Generator,null
690,Aurora,Saez,10,1,Roland Mudde,Generator,2020-03-24T16:42:55.310253
691,null,null,10,0,null,Generator,null
692,null,null,10,0,null,Generator,null
693,null,null,10,0,null,Generator,null
694,Elisabet,Heizmann,10,0,Alfredo Leon,Generator,null
695,null,null,10,0,null,Generator,null
696,Soledad,Garcia,10,1,Inmaculada Vicente,Generator,null
697,null,null,10,0,null,Generator,null
698,Jurrit,Smeitink,10,0,Mar Nieto,Generator,2020-03-24T16:42:55.319354
699,Richardus,Van daatselaar,10,1,Alfredo Leon,Generator,2020-03-24T16:42:55.319793
700,null,null,10,0,null,Generator,null
701,Julia,Gil,10,0,Liesel Schöttler,Generator,null
702,Wiltrud,Rathmann,10,1,Mar Nieto,Generator,null
703,Jose,Leon,10,0,Francisca Romero,Generator,null
704,Tomasz,Gielens,10,1,Roland Mudde,Generator,null
705,Cristian,Fuentes,10,1,Eyup Stassen,Generator,2020-03-24T16:42:55.312939
706,Klaudia,Marks,10,1,Magda Wittwer,Generator,null
707,null,null,10,0,null,Generator,null
708,Cherrelle,Robbers,10,1,Sven Giesen,Generator,null
709,Balthasar,Rademacher,10,1,Alfredo Leon,Generator,2020-03-24T16:42:55.317697
710,null,null,10,0,null,Generator,null
711,Dalya,Ijff,10,1,Roland Mudde,Generator,null
712,Rosa,Rosenberger,10,0,Ivan Lorenzo,Generator,null
713,Armin,Bächle,10,1,Alisa Van Dijck,Generator,null
714,Hussain,Noppen,10,1,Luce De Schepper,Generator,null
715,Margrit,Scholze,10,1,Jonathan Benitez,Generator,null
716,Teresa,Santos,10,1,Gustavo Pascual,Generator,2020-03-24T16:42:55.309433
717,null,null,10,0,null,Generator,null
718,Montserrat,Crespo,10,1,Alfredo Leon,Generator,null
719,Hannes,Wecker,10,1,Ivan Lorenzo,Generator,null
720,Adrian,Suarez,10,1,Alfredo Leon,Generator,null
721,Myriam,Liebert,10,1,Luce De Schepper,Generator,null
722,null,null,10,0,null,Generator,null
723,null,null,10,0,null,Generator,null
724,null,null,10,0,null,Generator,null
725,Ilonka,Weyand,10,1,Francisca Romero,Generator,null
726,null,null,10,0,null,Generator,null
727,Josefa,Wieland,10,1,Mar Nieto,Generator,null
728,Zehra,Schier,10,1,Gustavo Pascual,Generator,null
729,Joya,Koornneef,10,1,Ersan Van Roosendaal,Generator,2020-03-24T16:42:55.318137
730,Emmelie,Schoones,10,1,Ersan Van Roosendaal,Generator,null
731,David,Vazquez,10,0,Alfredo Leon,Generator,null
732,Carmelo,Roman,10,1,Mar Nieto,Generator,null
733,null,null,10,0,null,Generator,null
734,null,null,10,0,null,Generator,null
735,Rodrigo,Carrasco,10,1,Sven Giesen,Generator,2020-03-24T16:42:55.319642
736,Konstantin,Mittag,10,1,Luce De Schepper,Generator,2020-03-24T16:42:55.321090
737,Giuseppe,Christoph,10,0,Gustavo Morales,Generator,2020-03-24T16:42:55.308430
738,Fernando,Perez,10,0,Jonathan Benitez,Generator,2020-03-24T16:42:55.297789
739,Mariano,Hidalgo,10,1,Manuela Santiago,Generator,2020-03-24T16:42:55.317674
740,null,null,10,0,null,Generator,null
741,Lorena,Castro,10,1,Ersan Van Roosendaal,Generator,2020-03-24T16:42:55.300273
742,Roy,Bensch,10,1,Jonathan Benitez,Generator,null
743,null,null,10,0,null,Generator,null
744,Andor,Harder,10,1,Roland Mudde,Generator,null
745,Otto,Hauber,10,1,Roland Mudde,Generator,null
746,null,null,10,0,null,Generator,null
747,Fernando,Rojas,10,1,Ersan Van Roosendaal,Generator,null
748,Armanda,Akyol,10,1,Alisa Van Dijck,Generator,null
749,Andrzej,Kluth,10,0,Alisa Van Dijck,Generator,2020-03-24T16:42:55.314344
750,Heinz-werner,Sutter,10,1,Ersan Van Roosendaal,Generator,2020-03-24T16:42:55.319109
751,null,null,10,0,null,Generator,null
752,null,null,10,0,null,Generator,null
753,Trinidad,Velasco,10,1,Liesel Schöttler,Generator,null
754,null,null,10,0,null,Generator,null
755,Herta,Roder,10,1,Yentl Huibregtse,Generator,null
756,null,null,10,0,null,Generator,null
757,null,null,10,0,null,Generator,null
758,null,null,10,0,null,Generator,null
759,Elliot,Messing,10,1,Luce De Schepper,Generator,null
760,Yvonne,Bendig,10,1,Liesel Schöttler,Generator,2020-03-24T16:42:55.302085
761,Felix,Gutierrez,10,0,Liesel Schöttler,Generator,2020-03-24T16:42:55.314321
762,Gökan,Ijsselstein,10,1,Sven Giesen,Generator,null
763,Eileen,Storck,10,1,Ivan Lorenzo,Generator,null
764,null,null,10,0,null,Generator,null
765,null,null,10,0,null,Generator,null
766,Volkmar,Möhle,10,0,Manuela Santiago,Generator,null
767,Roderich,Spielmann,10,1,Inmaculada Vicente,Generator,null
768,Oscar,Crespo,10,1,Ersan Van Roosendaal,Generator,null
769,Blanca,Santos,10,1,Inmaculada Vicente,Generator,null
770,Agustin,Mendez,10,1,Mar Nieto,Generator,2020-03-24T16:42:55.320588
771,Victor,Mezger,10,0,Alfredo Leon,Generator,2020-03-24T16:42:55.300874
772,null,null,10,0,null,Generator,null
773,null,null,10,0,null,Generator,null
774,null,null,10,0,null,Generator,null
775,Alberto,Lübben,10,1,Alisa Van Dijck,Generator,null
776,Mario,Herrero,10,1,Alfredo Leon,Generator,null
777,null,null,10,0,null,Generator,null
778,null,null,10,0,null,Generator,null
779,null,null,10,0,null,Generator,null
780,Elise,Hellwig,10,1,Fatima Garcia,Generator,2020-03-24T16:42:55.312408
781,Knut,Martin,10,1,Alisa Van Dijck,Generator,2020-03-24T16:42:55.319478
782,Aline,Zach,10,1,Mar Nieto,Generator,null
783,Waltraud,Ruppert,10,1,Gustavo Morales,Generator,null
784,Ramon,Bravo,10,1,Yentl Huibregtse,Generator,null
785,Zdenka,Gerhardt,10,0,Gustavo Morales,Generator,null
786,German,Suarez,10,1,Alfredo Leon,Generator,2020-03-24T16:42:55.311033
787,Markus,Knot,10,1,Luce De Schepper,Generator,2020-03-24T16:42:55.302699
788,Gema,Gimenez,10,1,Magda Wittwer,Generator,null
789,Channa,Felter,10,1,Sven Giesen,Generator,null
790,Julie,Bertsch,10,1,Mar Nieto,Generator,null
791,Dolores,Romero,10,1,Gustavo Pascual,Generator,null
792,Rochus,Degen,10,1,Alfredo Leon,Generator,null
793,Emilio,Fuentes,10,1,Fatima Garcia,Generator,null
794,Miriam,Martin,10,1,Ersan Van Roosendaal,Generator,2020-03-24T16:42:55.318951
795,Ingo,Bernhard,10,1,Roland Mudde,Generator,null
796,Sergio,Soto,10,1,Yentl Huibregtse,Generator,null
797,null,null,10,0,null,Generator,null
798,Josefine,Meeuwissen,10,1,Jonathan Benitez,Generator,null
799,null,null,10,0,null,Generator,null
800,Jens-peter,Weißer,10,1,Andrea Rojas,Generator,null
801,Sophie,Risse,10,0,Inmaculada Vicente,Generator,null
802,Raphael,Eismann,10,1,Magda Wittwer,Generator,null
803,Hillebrand,Benedictus,10,1,Gustavo Pascual,Generator,null
804,Odilia,Ten wolde,10,1,Eyup Stassen,Generator,2020-03-24T16:42:55.315206
805,Marchien,Wijdenes,10,0,Gustavo Pascual,Generator,2020-03-24T16:42:55.319372
806,Eugenia,Fuentes,10,1,Manuela Santiago,Generator,null
807,Ernest,Blaschke,10,0,Manuela Santiago,Generator,null
808,Jonathan,Gomez,10,1,Alfredo Leon,Generator,null
809,Nadeem,Everaers,10,0,Mar Nieto,Generator,null
810,Gregorio,Santana,10,1,Andrea Rojas,Generator,null
811,Rauf,Pepels,10,1,Ersan Van Roosendaal,Generator,null
812,Mohamed,Lorenzo,10,1,Ersan Van Roosendaal,Generator,2020-03-24T16:42:55.319760
813,Darko,Swoboda,10,1,Sven Giesen,Generator,null
814,Eckehard,Mattes,10,1,Andrea Rojas,Generator,null
815,null,null,10,0,null,Generator,null
816,Ljubica,Polster,10,1,Gustavo Morales,Generator,null
817,Concepcion,Suarez,10,0,Roland Mudde,Generator,null
818,Jorge,Stier,10,1,Jonathan Benitez,Generator,null
819,null,null,10,0,null,Generator,null
820,null,null,10,0,null,Generator,null
821,null,null,10,0,null,Generator,null
822,Erwin,Sonnenberg,10,1,Andrea Rojas,Generator,2020-03-24T16:42:55.301280
823,Patricia,Ortega,10,1,Magda Wittwer,Generator,2020-03-24T16:42:55.303209
824,Carmelo,Nuñez,10,1,Sven Giesen,Generator,null
825,Danuta,Hinz,10,1,Gustavo Pascual,Generator,2020-03-24T16:42:55.320931
826,Dylan,Gardenier,10,1,Manuela Santiago,Generator,null
827,Eelco,Kluft,10,1,Eyup Stassen,Generator,null
828,Raul,Moreno,10,1,Jonathan Benitez,Generator,2020-03-24T16:42:55.321122
829,null,null,10,0,null,Generator,null
830,Alfredo,Morales,10,1,Francisca Romero,Generator,null
831,Goverdina,Bresser,10,1,Ivan Lorenzo,Generator,null
832,Sybe,Steenbruggen,10,1,Ivan Lorenzo,Generator,null
833,null,null,10,0,null,Generator,null
834,Sancho,Abrahamse,10,1,Ersan Van Roosendaal,Generator,null
835,null,null,10,0,null,Generator,null
836,Camilla,Bekhuis,10,1,Yentl Huibregtse,Generator,null
837,Sofia,Gallego,10,1,Luce De Schepper,Generator,null
838,null,null,10,0,null,Generator,null
839,null,null,10,0,null,Generator,null
840,null,null,10,0,null,Generator,null
841,Alvaro,Peña,10,1,Mar Nieto,Generator,null
842,null,null,10,0,null,Generator,null
843,Eva,Hein,10,0,Alfredo Leon,Generator,null
844,Feline,Braas,10,1,Liesel Schöttler,Generator,2020-03-24T16:42:55.303338
845,null,null,10,0,null,Generator,null
846,null,null,10,0,null,Generator,null
847,Nadine,Herter,10,1,Luce De Schepper,Generator,null
848,null,null,10,0,null,Generator,null
849,null,null,10,0,null,Generator,null
850,Anna,Prieto,10,1,Yentl Huibregtse,Generator,2020-03-24T16:42:55.303903
851,null,null,10,0,null,Generator,null
852,Diewertje,Hagenaar,10,1,Eyup Stassen,Generator,null
853,Harm,Naumann,10,1,Magda Wittwer,Generator,null
854,Miriam,Navarro,10,1,Fatima Garcia,Generator,2020-03-24T16:42:55.318390
855,Klothilde,Engels,10,1,Jonathan Benitez,Generator,null
856,Eva,Rojas,10,1,Gustavo Morales,Generator,null
857,Daniel,Herrera,10,1,Inmaculada Vicente,Generator,null
858,Hendry,Jurjens,10,0,Gustavo Morales,Generator,2020-03-24T16:42:55.318835
859,Igor,Bonk,10,1,Gustavo Morales,Generator,2020-03-24T16:42:55.313566
860,Neline,Zuur,10,1,Roland Mudde,Generator,2020-03-24T16:42:55.306812
861,Hanna,Haufe,10,1,Liesel Schöttler,Generator,null
862,null,null,10,0,null,Generator,null
863,Arendina,Khalil,10,0,Francisca Romero,Generator,null
864,null,null,10,0,null,Generator,null
865,Erik,Pflaum,10,1,Sven Giesen,Generator,2020-03-24T16:42:55.308729
866,Rylana,Tiemersma,10,1,Luce De Schepper,Generator,null
867,Agathe,Fuhrmann,10,1,Manuela Santiago,Generator,2020-03-24T16:42:55.319550
868,null,null,10,0,null,Generator,null
869,Kerwin,Van elburg,10,1,Ivan Lorenzo,Generator,null
870,Rupert,Ehrenberg,10,1,Eyup Stassen,Generator,null
871,Shelina,Haaksma,10,0,Jonathan Benitez,Generator,2020-03-24T16:42:55.301990
872,null,null,10,0,null,Generator,null
873,Jada,Kloos,10,1,Jonathan Benitez,Generator,null
874,Devi,Den blanken,10,0,Andrea Rojas,Generator,2020-03-24T16:42:55.303000
875,Santiago,Carmona,10,1,Andrea Rojas,Generator,null
876,Annika,Schiemann,10,1,Gustavo Pascual,Generator,null
877,Funs,Leenaars,10,0,Mar Nieto,Generator,null
878,Sofia,Gallardo,10,1,Jonathan Benitez,Generator,2020-03-24T16:42:55.318536
879,Gerti,Kamm,10,0,Liesel Schöttler,Generator,2020-03-24T16:42:55.311966
880,Damaris,Heyne,10,1,Jonathan Benitez,Generator,2020-03-24T16:42:55.305087
881,Alba,Nuñez,10,1,Ersan Van Roosendaal,Generator,null
882,Myron,Trouw,10,1,Fatima Garcia,Generator,null
883,Libby,Ankersmit,10,1,Ivan Lorenzo,Generator,2020-03-24T16:42:55.311855
884,Miriam,Herrero,10,1,Inmaculada Vicente,Generator,null
885,Christos,Haller,10,1,Alisa Van Dijck,Generator,null
886,Gisa,Höfler,10,1,Francisca Romero,Generator,2020-03-24T16:42:55.305361
887,Gerardo,Ruiz,10,1,Yentl Huibregtse,Generator,2020-03-24T16:42:55.318040
888,Pilar,Alvarez,10,1,Manuela Santiago,Generator,2020-03-24T16:42:55.320390
889,Helena,Kracht,10,1,Eyup Stassen,Generator,null
890,Milan,Benning,10,0,Manuela Santiago,Generator,null
891,Olga,Ferrer,10,0,Mar Nieto,Generator,null
892,null,null,10,0,null,Generator,null
893,Harm,Kohnen,10,0,Eyup Stassen,Generator,2020-03-24T16:42:55.310875
894,Angeles,Nieto,10,1,Magda Wittwer,Generator,null
895,Lorenzo,Santiago,10,1,Jonathan Benitez,Generator,null
896,Arthur,Gabriel,10,1,Ivan Lorenzo,Generator,null
897,Roswitha,Coenen,10,1,Alfredo Leon,Generator,null
898,Maya,Denk,10,1,Ivan Lorenzo,Generator,null
899,Egbert,Manske,10,1,Gustavo Pascual,Generator,null
900,null,null,10,0,null,Generator,null
901,Erna,Goldschmidt,10,1,Fatima Garcia,Generator,null
902,Amelia,Van eekeren,10,1,Andrea Rojas,Generator,null
903,null,null,10,0,null,Generator,null
904,Damanja,Batenburg,10,1,Liesel Schöttler,Generator,null
905,Mandy,Süß,10,1,Ivan Lorenzo,Generator,null
906,null,null,10,0,null,Generator,null
907,Carolina,Pastor,10,1,Eyup Stassen,Generator,2020-03-24T16:42:55.312714
908,Dušan,Groen,10,1,Ersan Van Roosendaal,Generator,null
909,Alexandre,Czech,10,1,Inmaculada Vicente,Generator,null
910,Hector,Vargas,10,1,Francisca Romero,Generator,null
911,Lidia,Alvarez,10,1,Gustavo Morales,Generator,null
912,null,null,10,0,null,Generator,null
913,null,null,10,0,null,Generator,null
914,Benito,Santana,10,1,Gustavo Morales,Generator,2020-03-24T16:42:55.314426
915,Muzaffer,Fett,10,1,Sven Giesen,Generator,null
916,null,null,10,0,null,Generator,null
917,null,null,10,0,null,Generator,null
918,Arturo,Fernandez,10,1,Mar Nieto,Generator,2020-03-24T16:42:55.321186
919,null,null,10,0,null,Generator,null
920,Alba,Flores,10,1,Fatima Garcia,Generator,null
921,Kimo,Pietersma,10,0,Francisca Romero,Generator,null
922,Trientje,Pleiter,10,1,Francisca Romero,Generator,null
923,Yaëla,Wenting,10,0,Ivan Lorenzo,Generator,2020-03-24T16:42:55.310684
924,Lucia,Kirst,10,1,Alisa Van Dijck,Generator,2020-03-24T16:42:55.311549
925,Ramon,Pastor,10,1,Luce De Schepper,Generator,null
926,Imko,Boschma,10,1,Manuela Santiago,Generator,null
927,null,null,10,0,null,Generator,null
928,Vanesa,Marin,10,0,Ersan Van Roosendaal,Generator,null
929,Santiago,Gonzalez,10,1,Fatima Garcia,Generator,null
930,Jesus,Santana,10,1,Yentl Huibregtse,Generator,null
931,null,null,10,0,null,Generator,null
932,Lindsy,Eland,10,1,Manuela Santiago,Generator,null
933,Lucas,Prieto,10,0,Eyup Stassen,Generator,null
934,Irene,Ruiz,10,1,Alfredo Leon,Generator,2020-03-24T16:42:55.305494
935,Hans-eberhard,Klinge,10,1,Mar Nieto,Generator,null
936,null,null,10,0,null,Generator,null
937,null,null,10,0,null,Generator,null
938,Bowy,Akkerman,10,1,Ersan Van Roosendaal,Generator,null
939,null,null,10,0,null,Generator,null
940,Annamaria,Kloß,10,1,Manuela Santiago,Generator,null
941,null,null,10,0,null,Generator,null
942,Dominic,Geertman,10,1,Ivan Lorenzo,Generator,null
943,Marlie,Kortleve,10,1,Fatima Garcia,Generator,null
944,null,null,10,0,null,Generator,null
945,Miguel,Bravo,10,0,Manuela Santiago,Generator,null
946,null,null,10,0,null,Generator,null
947,Elisa,Cruz,10,1,Yentl Huibregtse,Generator,null
948,Jorren,Evenhuis,10,1,Inmaculada Vicente,Generator,null
949,Alba,Rubio,10,0,Inmaculada Vicente,Generator,null
950,Greta,Scholze,10,1,Luce De Schepper,Generator,2020-03-24T16:42:55.311771
951,null,null,10,0,null,Generator,null
952,Larisa,Spigt,10,1,Manuela Santiago,Generator,2020-03-24T16:42:55.314720
953,German,Ortega,10,1,Gustavo Morales,Generator,null
954,Wassila,Blikman,10,1,Magda Wittwer,Generator,null
955,null,null,10,0,null,Generator,null
956,Jose,Roman,10,1,Sven Giesen,Generator,null
957,Turgut,Feikens,10,1,Magda Wittwer,Generator,null
958,Monica,Velasco,10,1,Andrea Rojas,Generator,null
959,Teuna,Oort,10,1,Eyup Stassen,Generator,null
960,Amparo,Crespo,10,1,Ivan Lorenzo,Generator,2020-03-24T16:42:55.320691
961,Alexander,Castillo,10,1,Gustavo Pascual,Generator,2020-03-24T16:42:55.313393
962,Emilio,Gallego,10,1,Yentl Huibregtse,Generator,null
963,Julian,Martinez,10,0,Francisca Romero,Generator,null
964,null,null,10,0,null,Generator,null
965,Mar,Mendez,10,1,Liesel Schöttler,Generator,null
966,Sofia,Ortega,10,1,Magda Wittwer,Generator,2020-03-24T16:42:55.310077
967,null,null,10,0,null,Generator,null
968,Luz,Peña,10,1,Ersan Van Roosendaal,Generator,null
969,Pedro,Herrero,10,1,Roland Mudde,Generator,null
970,null,null,10,0,null,Generator,null
971,Dörte,Herget,10,1,Liesel Schöttler,Generator,null
972,Ines,Alonso,10,1,Inmaculada Vicente,Generator,null
973,null,null,10,0,null,Generator,null
974,null,null,10,0,null,Generator,null
975,Blanca,Roman,10,1,Alfredo Leon,Generator,null
976,Martin,Roman,10,1,Ivan Lorenzo,Generator,null
977,Sigismund,Schöpf,10,1,Yentl Huibregtse,Generator,2020-03-24T16:42:55.313674
978,Inge,Goll,10,1,Alfredo Leon,Generator,null
979,Marcos,Diez,10,1,Andrea Rojas,Generator,null
980,Kenan,Bijman,10,1,Inmaculada Vicente,Generator,null
981,Walther,Best,10,0,Magda Wittwer,Generator,2020-03-24T16:42:55.315762
982,Mirja,Heß,10,0,Liesel Schöttler,Generator,null
983,null,null,10,0,null,Generator,null
984,Teresa,Dominguez,10,1,Jonathan Benitez,Generator,null
985,null,null,10,0,null,Generator,null
986,Arnfried,Förtsch,10,1,Manuela Santiago,Generator,null
987,Soledad,Carmona,10,1,Luce De Schepper,Generator,2020-03-24T16:42:55.313917
988,Wolfhard,Kolbeck,10,1,Francisca Romero,Generator,null
989,Saffira,Theeuwes,10,1,Gustavo Pascual,Generator,2020-03-24T16:42:55.321140
990,null,null,10,0,null,Generator,null
991,Josefine,Busse,10,1,Fatima Garcia,Generator,2020-03-24T16:42:55.300696
992,Mar,Esteban,10,1,Luce De Schepper,Generator,null
993,Antonio,Santiago,10,1,Eyup Stassen,Generator,null
994,null,null,10,0,null,Generator,null
995,Martine,Wolter,10,1,Alfredo Leon,Generator,null
996,Carla,Hernandez,10,0,Yentl Huibregtse,Generator,2020-03-24T16:42:55.297935
997,Anna-lena,Burkart,10,1,Inmaculada Vicente,Generator,null
998,Olmo,Havelaar,10,0,Gustavo Pascual,Generator,2020-03-24T16:42:55.304335
999,Ljubica,Gebauer,10,1,Ivan Lorenzo,Generator,null
1000,Aygül,Saman,0,1,Roland Mudde,Generator,2020-03-24T16:42:55.311801
1001,Hans-albert,Gerstner,0,1,Sven Giesen,Generator,null
1002,Rosario,Leon,0,1,Mar Nieto,Generator,null
1003,null,null,0,0,null,Generator,null
1004,John,Marquez,0,1,Mar Nieto,Generator,2020-03-24T16:42:55.301593
1005,Emilio,Ramirez,0,1,Roland Mudde,Generator,2020-03-24T16:42:55.299199
1006,Daniela,Esteban,0,1,Mar Nieto,Generator,2020-03-24T16:42:55.312308
1007,Ernesto,Hernandez,0,0,Ersan Van Roosendaal,Generator,2020-03-24T16:42:55.317791
1008,Raquel,Lopez,0,1,Alfredo Leon,Generator,null
1009,null,null,0,0,null,Generator,null
1010,Edmund,Hempel,0,1,Inmaculada Vicente,Generator,2020-03-24T16:42:55.311518
1011,Ingeborg,Laarhoven,0,1,Roland Mudde,Generator,null
1012,null,null,0,0,null,Generator,null
1013,Aitor,Aguilar,0,1,Ersan Van Roosendaal,Generator,null
1014,Elli,Baum,0,1,Ivan Lorenzo,Generator,2020-03-24T16:42:55.319517
1015,Gloria,Rodriguez,0,1,Gustavo Pascual,Generator,null
1016,null,null,0,0,null,Generator,null
1017,null,null,0,0,null,Generator,null
1018,Sandra,Arias,0,1,Alfredo Leon,Generator,null
1019,null,null,0,0,null,Generator,null
1020,Robel,Eversdijk,0,1,Ivan Lorenzo,Generator,null
1021,Gamze,Woudwijk,0,1,Gustavo Morales,Generator,2020-03-24T16:42:55.307366
1022,Nuria,Pastor,0,1,Francisca Romero,Generator,null
1023,Slimane,Hoogenboezem,0,1,Eyup Stassen,Generator,null
1024,Emilia,Marin,0,0,Gustavo Morales,Generator,null
1025,Selin,Van de westerlo,0,1,Jonathan Benitez,Generator,null
1026,Ercan,Holzwarth,0,1,Francisca Romero,Generator,2020-03-24T16:42:55.307790
1027,Joaquin,Rojas,0,1,Eyup Stassen,Generator,null
1028,null,null,0,0,null,Generator,null
1029,Cesar,Torres,0,1,Inmaculada Vicente,Generator,null
1030,Friedlinde,Sorge,0,1,Fatima Garcia,Generator,null
1031,Guiseppe,Schwarzer,0,1,Luce De Schepper,Generator,null
1032,Djenna,Paes,0,0,Andrea Rojas,Generator,2020-03-24T16:42:55.315478
1033,Kicky,Zwerus,0,1,Alisa Van Dijck,Generator,null
1034,Rasha,Burger,0,0,Francisca Romero,Generator,null
1035,Clara,Rhein,0,0,Inmaculada Vicente,Generator,2020-03-24T16:42:55.304610
1036,Walterus,Hooijer,0,1,Magda Wittwer,Generator,2020-03-24T16:42:55.307839
1037,Hatice,Leupold,0,1,Luce De Schepper,Generator,null
1038,Enver,Hochmuth,0,1,Andrea Rojas,Generator,2020-03-24T16:42:55.319391
1039,Annelies,Sievert,0,0,Jonathan Benitez,Generator,2020-03-24T16:42:55.314141
1040,Elisa,Gallardo,0,1,Andrea Rojas,Generator,2020-03-24T16:42:55.314385
1041,Liselotte,Beyer,0,1,Sven Giesen,Generator,null
1042,Julian,Nuñez,0,1,Andrea Rojas,Generator,null
1043,Kunigunda,Pagel,0,0,Eyup Stassen,Generator,null
1044,Ivan,Ortega,0,1,Gustavo Pascual,Generator,2020-03-24T16:42:55.319030
1045,Josip,Günter,0,1,Inmaculada Vicente,Generator,2020-03-24T16:42:55.316813
1046,Branco,Schellings,0,1,Yentl Huibregtse,Generator,null
1047,null,null,0,0,null,Generator,null
1048,Reza,Hölzl,0,1,Yentl Huibregtse,Generator,2020-03-24T16:42:55.297214
1049,null,null,0,0,null,Generator,null
1050,Ilker,Verschuure,0,1,Ivan Lorenzo,Generator,null
1051,Sarina,Gubbels,0,1,Alisa Van Dijck,Generator,null
1052,Annegrete,Bothe,0,1,Alfredo Leon,Generator,null
1053,Jorge,Weidlich,0,1,Andrea Rojas,Generator,null
1054,Alvaro,Herrero,0,1,Roland Mudde,Generator,null
1055,Hector,Navarro,0,1,Eyup Stassen,Generator,null
1056,null,null,0,0,null,Generator,null
1057,Corien,Janszen,0,1,Francisca Romero,Generator,null
1058,Amparo,Velasco,0,1,Jonathan Benitez,Generator,null
1059,null,null,0,0,null,Generator,null
1060,Alejandro,Vidal,0,0,Francisca Romero,Generator,2020-03-24T16:42:55.317259
1061,Berdina,De pagter,0,0,Francisca Romero,Generator,null
1062,null,null,0,0,null,Generator,null
1063,Elisa,Baum,0,1,Sven Giesen,Generator,null
1064,Thies,Steinmetz,0,1,Alfredo Leon,Generator,null
1065,Klaus-ulrich,Frei,0,1,Alfredo Leon,Generator,null
1066,Hermann-josef,Ebert,0,1,Andrea Rojas,Generator,null
1067,null,null,0,0,null,Generator,null
1068,null,null,0,0,null,Generator,null
1069,Züleyha,Lokhorst,0,1,Yentl Huibregtse,Generator,null
1070,German,Alvarez,0,1,Ivan Lorenzo,Generator,null
1071,Alexander,Morales,0,0,Luce De Schepper,Generator,2020-03-24T16:42:55.314823
1072,Indra,Huibers,0,1,Manuela Santiago,Generator,null
1073,Caterina,Wohlfarth,0,1,Gustavo Pascual,Generator,2020-03-24T16:42:55.318115
1074,null,null,0,0,null,Generator,null
1075,Bertold,Teufel,0,1,Inmaculada Vicente,Generator,null
1076,Aagje,Van der aalst,0,1,Magda Wittwer,Generator,2020-03-24T16:42:55.302895
1077,Inna,Unruh,0,1,Ivan Lorenzo,Generator,null
1078,Arturo,Santana,0,1,Magda Wittwer,Generator,null
1079,null,null,0,0,null,Generator,null
1080,Romana,Post,0,1,Francisca Romero,Generator,null
1081,Fouzia,Van den berkmortel,0,1,Ersan Van Roosendaal,Generator,null
1082,Victor,Vazquez,0,0,Alisa Van Dijck,Generator,null
1083,null,null,0,0,null,Generator,null
1084,Zara,Hertogs,0,1,Jonathan Benitez,Generator,2020-03-24T16:42:55.320606
1085,Sai,Buisman,0,1,Ersan Van Roosendaal,Generator,2020-03-24T16:42:55.311410
1086,Adis,Ossel,0,1,Gustavo Morales,Generator,null
1087,Agnieszka,Eichmann,0,0,Luce De Schepper,Generator,null
1088,null,null,0,0,null,Generator,null
1089,null,null,0,0,null,Generator,null
1090,null,null,0,0,null,Generator,null
1091,null,null,0,0,null,Generator,null
1092,Carlina,Van erkelens,0,0,Andrea Rojas,Generator,null
1093,Juan,Navarro,0,1,Sven Giesen,Generator,2020-03-24T16:42:55.311464
1094,null,null,0,0,null,Generator,null
1095,null,null,0,0,null,Generator,null
1096,null,null,0,0,null,Generator,null
1097,Josefina,Hernandez,0,1,Luce De Schepper,Generator,null
1098,Sandra,Martin,0,1,Alfredo Leon,Generator,null
1099,Laurenz,Ertl,0,1,Andrea Rojas,Generator,null
1100,Petra,Lampert,0,1,Roland Mudde,Generator,2020-03-24T16:42:55.317358
